NCTId,Country,OverallStatus,StopCategory,StartYear
NCT00679536,United States,UNKNOWN,No reason recorded,2008
NCT01757899,Brazil,WITHDRAWN,Other,2014
NCT05179057,Spain,TERMINATED,Efficacy not met,2022
NCT05179057,United Kingdom,TERMINATED,Efficacy not met,2022
NCT05179057,Italy,TERMINATED,Efficacy not met,2022
NCT05179057,Canada,TERMINATED,Efficacy not met,2022
NCT05179057,United States,TERMINATED,Efficacy not met,2022
NCT05179057,Sweden,TERMINATED,Efficacy not met,2022
NCT04288700,Egypt,UNKNOWN,No reason recorded,2019
NCT04000698,Russia,UNKNOWN,No reason recorded,2019
NCT01408056,United States,WITHDRAWN,Low enrollment/accrual,2011
NCT00020566,Australia,UNKNOWN,No reason recorded,2001
NCT00020566,Puerto Rico,UNKNOWN,No reason recorded,2001
NCT00020566,Canada,UNKNOWN,No reason recorded,2001
NCT00020566,United States,UNKNOWN,No reason recorded,2001
NCT00020566,New Zealand,UNKNOWN,No reason recorded,2001
NCT00843804,Switzerland,UNKNOWN,No reason recorded,2007
NCT03158584,Egypt,UNKNOWN,No reason recorded,2017
NCT03035344,Greece,UNKNOWN,No reason recorded,2015
NCT01916187,Canada,WITHDRAWN,Sponsor/business decision,2013
NCT01898793,United States,TERMINATED,Funding,2014
NCT01108952,Israel,UNKNOWN,No reason recorded,2011
NCT03000335,Israel,UNKNOWN,No reason recorded,2016
NCT03923257,United States,WITHDRAWN,Other,2020
NCT04367779,France,UNKNOWN,No reason recorded,2020
NCT01642095,United States,WITHDRAWN,No reason recorded,2012
NCT06160739,Egypt,UNKNOWN,No reason recorded,2023
NCT05952479,Indonesia,UNKNOWN,No reason recorded,2023
NCT05782959,Russia,UNKNOWN,No reason recorded,2021
NCT05087537,Egypt,UNKNOWN,No reason recorded,2021
NCT04767152,Russia,UNKNOWN,No reason recorded,2021
NCT06226519,Italy,UNKNOWN,No reason recorded,2020
NCT00180830,France,TERMINATED,No reason recorded,2003
NCT00180830,Netherlands,TERMINATED,No reason recorded,2003
NCT00180830,United Kingdom,TERMINATED,No reason recorded,2003
NCT00582816,United States,TERMINATED,Safety concerns,2008
NCT02041299,Egypt,TERMINATED,Low enrollment/accrual,2014
NCT02041299,United Kingdom,TERMINATED,Low enrollment/accrual,2014
NCT02041299,Brazil,TERMINATED,Low enrollment/accrual,2014
NCT02041299,Turkey (Türkiye),TERMINATED,Low enrollment/accrual,2014
NCT02041299,Tunisia,TERMINATED,Low enrollment/accrual,2014
NCT02041299,Saudi Arabia,TERMINATED,Low enrollment/accrual,2014
NCT02041299,Canada,TERMINATED,Low enrollment/accrual,2014
NCT02041299,United States,TERMINATED,Low enrollment/accrual,2014
NCT06067321,United Kingdom,UNKNOWN,No reason recorded,2024
NCT05518838,United States,NO_LONGER_AVAILABLE,No reason recorded,Not listed
NCT00737685,South Korea,UNKNOWN,No reason recorded,2006
NCT03451825,South Korea,TERMINATED,Other,2018
NCT03451825,Belgium,TERMINATED,Other,2018
NCT03451825,Denmark,TERMINATED,Other,2018
NCT03451825,Canada,TERMINATED,Other,2018
NCT03451825,United States,TERMINATED,Other,2018
NCT05673278,United Kingdom,UNKNOWN,No reason recorded,2023
NCT05867576,United Kingdom,UNKNOWN,No reason recorded,2021
NCT03328858,United States,TERMINATED,PI/Staff unavailable,2017
NCT04064684,United States,TERMINATED,Low enrollment/accrual,2020
NCT00003926,United States,TERMINATED,Low enrollment/accrual,1998
NCT04997291,United States,UNKNOWN,No reason recorded,2021
NCT04883151,Denmark,UNKNOWN,No reason recorded,2021
NCT06299670,Bangladesh,UNKNOWN,No reason recorded,2023
NCT04801342,Taiwan,UNKNOWN,No reason recorded,2021
NCT00445822,Germany,UNKNOWN,No reason recorded,2007
NCT01751412,United States,TERMINATED,Low enrollment/accrual,2013
NCT06011278,Turkey (Türkiye),UNKNOWN,No reason recorded,2023
NCT02626455,South Korea,TERMINATED,Efficacy not met,2016
NCT02626455,China,TERMINATED,Efficacy not met,2016
NCT02626455,United Kingdom,TERMINATED,Efficacy not met,2016
NCT02626455,Portugal,TERMINATED,Efficacy not met,2016
NCT02626455,Brazil,TERMINATED,Efficacy not met,2016
NCT02626455,Denmark,TERMINATED,Efficacy not met,2016
NCT02626455,Israel,TERMINATED,Efficacy not met,2016
NCT02626455,Germany,TERMINATED,Efficacy not met,2016
NCT02626455,Ireland,TERMINATED,Efficacy not met,2016
NCT02626455,Ukraine,TERMINATED,Efficacy not met,2016
NCT02626455,Hong Kong,TERMINATED,Efficacy not met,2016
NCT02626455,Poland,TERMINATED,Efficacy not met,2016
NCT02626455,Australia,TERMINATED,Efficacy not met,2016
NCT02626455,South Africa,TERMINATED,Efficacy not met,2016
NCT02626455,Czechia,TERMINATED,Efficacy not met,2016
NCT02626455,Italy,TERMINATED,Efficacy not met,2016
NCT02626455,Japan,TERMINATED,Efficacy not met,2016
NCT02626455,Romania,TERMINATED,Efficacy not met,2016
NCT02626455,Chile,TERMINATED,Efficacy not met,2016
NCT02626455,Hungary,TERMINATED,Efficacy not met,2016
NCT02626455,Spain,TERMINATED,Efficacy not met,2016
NCT02626455,Belgium,TERMINATED,Efficacy not met,2016
NCT02626455,Slovakia,TERMINATED,Efficacy not met,2016
NCT02626455,Taiwan,TERMINATED,Efficacy not met,2016
NCT02626455,France,TERMINATED,Efficacy not met,2016
NCT02626455,United States,TERMINATED,Efficacy not met,2016
NCT02626455,Finland,TERMINATED,Efficacy not met,2016
NCT02626455,Mexico,TERMINATED,Efficacy not met,2016
NCT02626455,Singapore,TERMINATED,Efficacy not met,2016
NCT02626455,Greece,TERMINATED,Efficacy not met,2016
NCT02626455,Russia,TERMINATED,Efficacy not met,2016
NCT02626455,Bulgaria,TERMINATED,Efficacy not met,2016
NCT02626455,Thailand,TERMINATED,Efficacy not met,2016
NCT02626455,Turkey (Türkiye),TERMINATED,Efficacy not met,2016
NCT02626455,Canada,TERMINATED,Efficacy not met,2016
NCT00866281,Netherlands,TERMINATED,Low enrollment/accrual,2009
NCT00866281,Italy,TERMINATED,Low enrollment/accrual,2009
NCT00866281,France,TERMINATED,Low enrollment/accrual,2009
NCT00866281,United States,TERMINATED,Low enrollment/accrual,2009
NCT00866281,Sweden,TERMINATED,Low enrollment/accrual,2009
NCT05660499,France,UNKNOWN,No reason recorded,2021
NCT03541330,France,TERMINATED,Other,2018
NCT01230788,United States,TERMINATED,Low enrollment/accrual,2010
NCT04100070,France,UNKNOWN,No reason recorded,2019
NCT03406273,United States,WITHDRAWN,Low enrollment/accrual,2017
NCT04326374,China,UNKNOWN,No reason recorded,2019
NCT05871086,Egypt,UNKNOWN,No reason recorded,2023
NCT03169894,United States,TERMINATED,Sponsor/business decision,2017
NCT03115164,France,UNKNOWN,No reason recorded,2016
NCT04204109,Denmark,TERMINATED,COVID-19,2020
NCT04258592,Belgium,TERMINATED,Low enrollment/accrual,2020
NCT00047138,France,UNKNOWN,No reason recorded,2001
NCT00047138,Netherlands,UNKNOWN,No reason recorded,2001
NCT00047138,Germany,UNKNOWN,No reason recorded,2001
NCT00047138,United Kingdom,UNKNOWN,No reason recorded,2001
NCT00173355,Taiwan,UNKNOWN,No reason recorded,2005
NCT00526318,Switzerland,UNKNOWN,No reason recorded,2007
NCT00526318,Germany,UNKNOWN,No reason recorded,2007
NCT04731974,United States,UNKNOWN,No reason recorded,2023
NCT01861990,United States,WITHDRAWN,Other,2013
NCT03564704,China,UNKNOWN,No reason recorded,2016
NCT01438385,United States,UNKNOWN,No reason recorded,2011
NCT04909515,Hong Kong,WITHDRAWN,Sponsor/business decision,2021
NCT04909515,Russia,WITHDRAWN,Sponsor/business decision,2021
NCT04909515,South Korea,WITHDRAWN,Sponsor/business decision,2021
NCT04909515,Singapore,WITHDRAWN,Sponsor/business decision,2021
NCT03474133,Russia,UNKNOWN,No reason recorded,2019
NCT04671901,United States,TERMINATED,Low enrollment/accrual,2020
NCT01399281,Italy,UNKNOWN,No reason recorded,2011
NCT02476994,United States,TERMINATED,Regulatory,2015
NCT01502150,United States,UNKNOWN,No reason recorded,2005
NCT04547829,China,UNKNOWN,No reason recorded,2020
NCT04598204,China,UNKNOWN,No reason recorded,2017
NCT00511017,United States,TERMINATED,Low enrollment/accrual,2007
NCT04500548,Canada,WITHDRAWN,Low enrollment/accrual,2021
NCT04500548,United States,WITHDRAWN,Low enrollment/accrual,2021
NCT04374838,Egypt,UNKNOWN,No reason recorded,2020
NCT04753658,South Korea,TERMINATED,Other,2021
NCT04753658,Australia,TERMINATED,Other,2021
NCT04753658,Portugal,TERMINATED,Other,2021
NCT04753658,United States,TERMINATED,Other,2021
NCT04753658,Sweden,TERMINATED,Other,2021
NCT04753658,New Zealand,TERMINATED,Other,2021
NCT01442415,United States,TERMINATED,Low enrollment/accrual,2011
NCT03613389,Egypt,UNKNOWN,No reason recorded,2020
NCT03846362,Russia,UNKNOWN,No reason recorded,2019
NCT00673179,United States,TERMINATED,Low enrollment/accrual,2008
NCT02337309,United States,TERMINATED,Low enrollment/accrual,2015
NCT05051800,United States,TERMINATED,Low enrollment/accrual,2019
NCT01205334,United States,TERMINATED,Low enrollment/accrual,2010
NCT04567251,United States,TERMINATED,Low enrollment/accrual,2021
NCT01604941,Egypt,TERMINATED,Other,2012
NCT01604941,Lebanon,TERMINATED,Other,2012
NCT01604941,Italy,TERMINATED,Other,2012
NCT01604941,Canada,TERMINATED,Other,2012
NCT01604941,United States,TERMINATED,Other,2012
NCT04743544,Turkey (Türkiye),UNKNOWN,No reason recorded,2019
NCT04888195,Hong Kong,UNKNOWN,No reason recorded,2021
NCT05261256,Germany,UNKNOWN,No reason recorded,2022
NCT04239092,United States,TERMINATED,Safety concerns,2020
NCT03396575,United States,TERMINATED,Other,2018
NCT02141100,Denmark,WITHDRAWN,No reason recorded,2014
NCT05569512,United States,TERMINATED,Sponsor/business decision,2022
NCT05922566,China,UNKNOWN,No reason recorded,2023
NCT03793088,United States,UNKNOWN,No reason recorded,2019
NCT01200017,United States,NO_LONGER_AVAILABLE,No reason recorded,Not listed
NCT04037189,Israel,UNKNOWN,No reason recorded,2019
NCT04700514,South Korea,UNKNOWN,No reason recorded,2021
NCT05434871,Turkey (Türkiye),UNKNOWN,No reason recorded,2022
NCT04485104,Italy,TERMINATED,Low enrollment/accrual,2021
NCT04485104,United States,TERMINATED,Low enrollment/accrual,2021
NCT04485104,Spain,TERMINATED,Low enrollment/accrual,2021
NCT01697514,United States,WITHDRAWN,Low enrollment/accrual,2013
NCT00739206,Gabon,TERMINATED,Efficacy not met,2008
NCT00739206,Burkina Faso,TERMINATED,Efficacy not met,2008
NCT00739206,Tanzania,TERMINATED,Efficacy not met,2008
NCT00739206,Benin,TERMINATED,Efficacy not met,2008
NCT04730349,Germany,TERMINATED,Sponsor/business decision,2021
NCT04730349,Spain,TERMINATED,Sponsor/business decision,2021
NCT04730349,Australia,TERMINATED,Sponsor/business decision,2021
NCT04730349,Italy,TERMINATED,Sponsor/business decision,2021
NCT04730349,France,TERMINATED,Sponsor/business decision,2021
NCT04730349,United States,TERMINATED,Sponsor/business decision,2021
NCT03413306,Russia,UNKNOWN,No reason recorded,2016
NCT02339350,South Korea,UNKNOWN,No reason recorded,2015
NCT00475605,Germany,TERMINATED,Efficacy not met,2005
NCT00475605,Ireland,TERMINATED,Efficacy not met,2005
NCT00475605,Austria,TERMINATED,Efficacy not met,2005
NCT00475605,Poland,TERMINATED,Efficacy not met,2005
NCT00475605,United Kingdom,TERMINATED,Efficacy not met,2005
NCT00475605,Netherlands,TERMINATED,Efficacy not met,2005
NCT00475605,France,TERMINATED,Efficacy not met,2005
NCT00475605,Canada,TERMINATED,Efficacy not met,2005
NCT00475605,United States,TERMINATED,Efficacy not met,2005
NCT04840199,United States,TERMINATED,Low enrollment/accrual,2022
NCT03173612,China,UNKNOWN,No reason recorded,2016
NCT02518750,United States,TERMINATED,Low enrollment/accrual,2016
NCT05846672,Turkey (Türkiye),UNKNOWN,No reason recorded,2023
NCT06275334,France,UNKNOWN,No reason recorded,2023
NCT05123534,United States,SUSPENDED,Funding,2022
NCT00474110,Canada,WITHDRAWN,Low enrollment/accrual,2009
NCT00533169,United States,TERMINATED,Low enrollment/accrual,2007
NCT02536599,Egypt,UNKNOWN,No reason recorded,2015
NCT06339814,Italy,UNKNOWN,No reason recorded,2023
NCT03604393,United States,UNKNOWN,No reason recorded,2019
NCT04670016,Canada,UNKNOWN,No reason recorded,2020
NCT00010101,United States,TERMINATED,Low enrollment/accrual,2001
NCT04722237,United Kingdom,UNKNOWN,No reason recorded,2021
NCT03600909,United States,TERMINATED,Low enrollment/accrual,2018
NCT00379457,Ireland,UNKNOWN,No reason recorded,2006
NCT00379457,Switzerland,UNKNOWN,No reason recorded,2006
NCT00379457,Austria,UNKNOWN,No reason recorded,2006
NCT00379457,Spain,UNKNOWN,No reason recorded,2006
NCT00379457,Belgium,UNKNOWN,No reason recorded,2006
NCT00379457,United Kingdom,UNKNOWN,No reason recorded,2006
NCT00379457,Denmark,UNKNOWN,No reason recorded,2006
NCT00379457,Sweden,UNKNOWN,No reason recorded,2006
NCT03787095,United States,TERMINATED,Safety concerns,2019
NCT04977895,China,UNKNOWN,No reason recorded,2021
NCT05934630,Canada,SUSPENDED,Other,2023
NCT05934630,United States,SUSPENDED,Other,2023
NCT05727683,China,UNKNOWN,No reason recorded,2022
NCT04860817,China,WITHDRAWN,Other,2021
NCT01313884,United States,TERMINATED,Efficacy not met,2011
NCT04492735,United States,UNKNOWN,No reason recorded,2020
NCT02544685,Slovakia,UNKNOWN,No reason recorded,2010
NCT00880061,United States,TERMINATED,No reason recorded,2009
NCT00790413,Sweden,UNKNOWN,No reason recorded,2005
NCT04489940,Spain,TERMINATED,Low enrollment/accrual,2020
NCT04489940,Belgium,TERMINATED,Low enrollment/accrual,2020
NCT04489940,Russia,TERMINATED,Low enrollment/accrual,2020
NCT04489940,Italy,TERMINATED,Low enrollment/accrual,2020
NCT04489940,France,TERMINATED,Low enrollment/accrual,2020
NCT04489940,United States,TERMINATED,Low enrollment/accrual,2020
NCT02758366,Italy,TERMINATED,Low enrollment/accrual,2016
NCT01535183,South Korea,UNKNOWN,No reason recorded,2012
NCT01887522,Switzerland,TERMINATED,Other,2016
NCT01887522,Austria,TERMINATED,Other,2016
NCT01887522,Spain,TERMINATED,Other,2016
NCT01887522,United Kingdom,TERMINATED,Other,2016
NCT01887522,Netherlands,TERMINATED,Other,2016
NCT01887522,Italy,TERMINATED,Other,2016
NCT01887522,Denmark,TERMINATED,Other,2016
NCT01887522,France,TERMINATED,Other,2016
NCT02050243,Israel,UNKNOWN,No reason recorded,2014
NCT03221166,Italy,TERMINATED,Low enrollment/accrual,2018
NCT04616560,United States,SUSPENDED,Low enrollment/accrual,2021
NCT03451123,United States,TERMINATED,Low enrollment/accrual,2018
NCT01828489,Finland,UNKNOWN,No reason recorded,2013
NCT01828489,Estonia,UNKNOWN,No reason recorded,2013
NCT01828489,Hong Kong,UNKNOWN,No reason recorded,2013
NCT01828489,Iceland,UNKNOWN,No reason recorded,2013
NCT01828489,Belgium,UNKNOWN,No reason recorded,2013
NCT01828489,Netherlands,UNKNOWN,No reason recorded,2013
NCT01828489,Norway,UNKNOWN,No reason recorded,2013
NCT01828489,Denmark,UNKNOWN,No reason recorded,2013
NCT01828489,Sweden,UNKNOWN,No reason recorded,2013
NCT00194961,United States,TERMINATED,Funding,Not listed
NCT05000359,United States,WITHDRAWN,Low enrollment/accrual,2021
NCT02028910,France,TERMINATED,No reason recorded,2014
NCT05191641,Turkey (Türkiye),UNKNOWN,No reason recorded,2023
NCT03990597,United States,WITHDRAWN,Other,2019
NCT01113125,Denmark,UNKNOWN,No reason recorded,2010
NCT02372409,United States,TERMINATED,Low enrollment/accrual,2015
NCT03825367,United States,UNKNOWN,No reason recorded,2019
NCT02466438,Canada,UNKNOWN,No reason recorded,2016
NCT05664230,France,UNKNOWN,No reason recorded,2023
NCT05000216,United States,TERMINATED,Low enrollment/accrual,2021
NCT04044560,Canada,TERMINATED,Funding,2020
NCT00069927,United States,TERMINATED,Low enrollment/accrual,2003
NCT00101205,United States,TERMINATED,No reason recorded,2004
NCT03708913,Canada,WITHDRAWN,Low enrollment/accrual,2019
NCT04033627,China,UNKNOWN,No reason recorded,2020
NCT00991744,Finland,SUSPENDED,Other,2009
NCT00991744,Iceland,SUSPENDED,Other,2009
NCT00991744,Norway,SUSPENDED,Other,2009
NCT00991744,Denmark,SUSPENDED,Other,2009
NCT00991744,Sweden,SUSPENDED,Other,2009
NCT00539500,United States,TERMINATED,Low enrollment/accrual,2007
NCT03449693,Mexico,UNKNOWN,No reason recorded,2017
NCT02124616,Egypt,UNKNOWN,No reason recorded,2014
NCT00278031,Israel,UNKNOWN,No reason recorded,2006
NCT04183062,United States,WITHDRAWN,Low enrollment/accrual,2019
NCT01058850,United States,TERMINATED,Low enrollment/accrual,2011
NCT05107843,France,UNKNOWN,No reason recorded,2020
NCT03472807,France,TERMINATED,Other,2019
NCT03472807,Reunion,TERMINATED,Other,2019
NCT03979599,Egypt,UNKNOWN,No reason recorded,2019
NCT03864419,Uganda,TERMINATED,Low enrollment/accrual,2019
NCT00112619,United States,TERMINATED,Low enrollment/accrual,2005
NCT04525352,United States,TERMINATED,Other,2020
NCT02006134,Germany,UNKNOWN,No reason recorded,2013
NCT02006134,India,UNKNOWN,No reason recorded,2013
NCT02006134,United Kingdom,UNKNOWN,No reason recorded,2013
NCT02006134,Thailand,UNKNOWN,No reason recorded,2013
NCT02006134,Denmark,UNKNOWN,No reason recorded,2013
NCT02006134,Canada,UNKNOWN,No reason recorded,2013
NCT02006134,United States,UNKNOWN,No reason recorded,2013
NCT01369121,United States,TERMINATED,Other,2010
NCT04066595,Germany,TERMINATED,Low enrollment/accrual,2020
NCT01774253,United States,TERMINATED,Low enrollment/accrual,2013
NCT02360930,United States,UNKNOWN,No reason recorded,2014
NCT01186328,United States,TERMINATED,Safety concerns,2010
NCT01186328,Australia,TERMINATED,Safety concerns,2010
NCT01743807,United States,TERMINATED,Other,2014
NCT03609242,United States,UNKNOWN,No reason recorded,2018
NCT03582969,Israel,UNKNOWN,No reason recorded,2018
NCT06293586,Egypt,UNKNOWN,No reason recorded,2023
NCT00698113,Canada,UNKNOWN,No reason recorded,2007
NCT05258383,France,UNKNOWN,No reason recorded,2023
NCT00131053,Japan,UNKNOWN,No reason recorded,2002
NCT02557854,United States,WITHDRAWN,Low enrollment/accrual,2016
NCT03878719,Italy,TERMINATED,Low enrollment/accrual,2020
NCT01696045,Germany,TERMINATED,Low enrollment/accrual,2012
NCT01696045,Mexico,TERMINATED,Low enrollment/accrual,2012
NCT01696045,Spain,TERMINATED,Low enrollment/accrual,2012
NCT01696045,Belgium,TERMINATED,Low enrollment/accrual,2012
NCT01696045,United Kingdom,TERMINATED,Low enrollment/accrual,2012
NCT01696045,Denmark,TERMINATED,Low enrollment/accrual,2012
NCT01696045,France,TERMINATED,Low enrollment/accrual,2012
NCT01696045,United States,TERMINATED,Low enrollment/accrual,2012
NCT00019409,India,WITHDRAWN,No reason recorded,1999
NCT00019409,United States,WITHDRAWN,No reason recorded,1999
NCT04987463,Poland,UNKNOWN,No reason recorded,2021
NCT03945032,Belgium,WITHDRAWN,Other,2019
NCT03823950,United States,UNKNOWN,No reason recorded,2019
NCT02177825,Canada,TERMINATED,Low enrollment/accrual,2014
NCT02134782,Canada,TERMINATED,Low enrollment/accrual,2014
NCT02134782,United States,TERMINATED,Low enrollment/accrual,2014
NCT05289713,Finland,UNKNOWN,No reason recorded,2023
NCT04916015,France,UNKNOWN,No reason recorded,2021
NCT01666015,Canada,TERMINATED,Low enrollment/accrual,2012
NCT01233479,United States,WITHDRAWN,Other,2010
NCT05683678,United States,TERMINATED,Sponsor/business decision,2019
NCT01709474,United States,TERMINATED,Low enrollment/accrual,2013
NCT03050450,United States,TERMINATED,Other,2016
NCT02644993,South Korea,UNKNOWN,No reason recorded,2015
NCT01991652,Ghana,UNKNOWN,No reason recorded,2014
NCT01991652,Cameroon,UNKNOWN,No reason recorded,2014
NCT01991652,Malawi,UNKNOWN,No reason recorded,2014
NCT04610125,China,UNKNOWN,No reason recorded,2020
NCT04784026,Turkey (Türkiye),UNKNOWN,No reason recorded,2021
NCT03022747,Finland,UNKNOWN,No reason recorded,2017
NCT03022747,Sweden,UNKNOWN,No reason recorded,2017
NCT02031211,United States,WITHDRAWN,Low enrollment/accrual,2014
NCT00101309,United States,UNKNOWN,No reason recorded,2004
NCT01014767,Germany,TERMINATED,PI/Staff unavailable,2009
NCT01014767,Hungary,TERMINATED,PI/Staff unavailable,2009
NCT01014767,United States,TERMINATED,PI/Staff unavailable,2009
NCT01014767,New Zealand,TERMINATED,PI/Staff unavailable,2009
NCT00074607,United States,TERMINATED,No reason recorded,2001
NCT04544007,United States,TERMINATED,Low enrollment/accrual,2022
NCT00107471,Switzerland,TERMINATED,Other,2005
NCT00107471,Canada,TERMINATED,Other,2005
NCT00107471,United States,TERMINATED,Other,2005
NCT00107471,Australia,TERMINATED,Other,2005
NCT04831593,Turkey (Türkiye),UNKNOWN,No reason recorded,2021
NCT00788125,United States,TERMINATED,Funding,2008
NCT02596997,United States,NO_LONGER_AVAILABLE,No reason recorded,Not listed
NCT05340725,Egypt,UNKNOWN,No reason recorded,2022
NCT02212574,United States,TERMINATED,Other,2017
NCT05801718,Egypt,UNKNOWN,No reason recorded,2023
NCT03632317,United States,WITHDRAWN,Low enrollment/accrual,2019
NCT04674150,United States,UNKNOWN,No reason recorded,2021
NCT04761042,Sweden,UNKNOWN,No reason recorded,2021
NCT06312969,Spain,UNKNOWN,No reason recorded,2023
NCT03107325,United States,WITHDRAWN,COVID-19,2019
NCT02067832,Austria,UNKNOWN,No reason recorded,2013
NCT02067832,Canada,UNKNOWN,No reason recorded,2013
NCT02067832,United States,UNKNOWN,No reason recorded,2013
NCT02082626,United States,TERMINATED,Other,2014
NCT05553899,United Kingdom,UNKNOWN,No reason recorded,2024
NCT02963064,United States,TERMINATED,Sponsor/business decision,2017
NCT02373241,United States,TERMINATED,Efficacy not met,2015
NCT02412475,United States,TERMINATED,Other,2015
NCT05776602,Sweden,UNKNOWN,No reason recorded,2023
NCT02638428,South Korea,UNKNOWN,No reason recorded,2015
NCT03798301,United States,TERMINATED,Low enrollment/accrual,2020
NCT02013336,United States,UNKNOWN,No reason recorded,2013
NCT04326439,United States,TERMINATED,Low enrollment/accrual,2020
NCT03794739,Italy,UNKNOWN,No reason recorded,2020
NCT01533779,Israel,UNKNOWN,No reason recorded,2012
NCT02897986,France,UNKNOWN,No reason recorded,2017
NCT03728543,Russia,UNKNOWN,No reason recorded,2018
NCT04653493,Iran,UNKNOWN,No reason recorded,2021
NCT02227108,Spain,TERMINATED,Low enrollment/accrual,2014
NCT02227108,Australia,TERMINATED,Low enrollment/accrual,2014
NCT02227108,United Kingdom,TERMINATED,Low enrollment/accrual,2014
NCT02227108,Italy,TERMINATED,Low enrollment/accrual,2014
NCT02227108,Netherlands,TERMINATED,Low enrollment/accrual,2014
NCT02227108,France,TERMINATED,Low enrollment/accrual,2014
NCT02227108,Canada,TERMINATED,Low enrollment/accrual,2014
NCT02227108,United States,TERMINATED,Low enrollment/accrual,2014
NCT02666625,France,UNKNOWN,No reason recorded,2010
NCT03288168,China,UNKNOWN,No reason recorded,2017
NCT06679582,Germany,TERMINATED,Other,2024
NCT06679582,Austria,TERMINATED,Other,2024
NCT06679582,Spain,TERMINATED,Other,2024
NCT06679582,Italy,TERMINATED,Other,2024
NCT06679582,Netherlands,TERMINATED,Other,2024
NCT06679582,Denmark,TERMINATED,Other,2024
NCT06679582,France,TERMINATED,Other,2024
NCT06679582,Canada,TERMINATED,Other,2024
NCT06679582,United States,TERMINATED,Other,2024
NCT05493020,China,UNKNOWN,No reason recorded,2022
NCT05077423,United States,TERMINATED,Sponsor/business decision,2022
NCT05696392,United States,TERMINATED,Low enrollment/accrual,2023
NCT01964300,United States,TERMINATED,Low enrollment/accrual,2014
NCT03275402,Japan,TERMINATED,Efficacy not met,2018
NCT03275402,United States,TERMINATED,Efficacy not met,2018
NCT03275402,Spain,TERMINATED,Efficacy not met,2018
NCT03275402,Denmark,TERMINATED,Efficacy not met,2018
NCT01199731,Belgium,TERMINATED,Safety concerns,2010
NCT01199731,Italy,TERMINATED,Safety concerns,2010
NCT01199731,Romania,TERMINATED,Safety concerns,2010
NCT01199731,Canada,TERMINATED,Safety concerns,2010
NCT01199731,United States,TERMINATED,Safety concerns,2010
NCT01343680,Canada,TERMINATED,Low enrollment/accrual,2011
NCT01969942,United States,WITHDRAWN,Low enrollment/accrual,2013
NCT00038389,United States,TERMINATED,Other,2001
NCT06317246,Italy,UNKNOWN,No reason recorded,2020
NCT02015728,United States,UNKNOWN,No reason recorded,2013
NCT06117956,Egypt,UNKNOWN,No reason recorded,2023
NCT02967341,Belgium,UNKNOWN,No reason recorded,2016
NCT00229879,United States,TERMINATED,Other,2004
NCT05606588,Switzerland,UNKNOWN,No reason recorded,2022
NCT04482933,United States,WITHDRAWN,Low enrollment/accrual,2025
NCT05899751,France,UNKNOWN,No reason recorded,2022
NCT05899751,Italy,UNKNOWN,No reason recorded,2022
NCT05899751,Spain,UNKNOWN,No reason recorded,2022
NCT03278145,France,UNKNOWN,No reason recorded,2017
NCT02989675,Malawi,TERMINATED,No reason recorded,2016
NCT06341712,Germany,TERMINATED,Low enrollment/accrual,2024
NCT06341712,Poland,TERMINATED,Low enrollment/accrual,2024
NCT06341712,Spain,TERMINATED,Low enrollment/accrual,2024
NCT06341712,Belgium,TERMINATED,Low enrollment/accrual,2024
NCT06341712,United Kingdom,TERMINATED,Low enrollment/accrual,2024
NCT06341712,Italy,TERMINATED,Low enrollment/accrual,2024
NCT06341712,Netherlands,TERMINATED,Low enrollment/accrual,2024
NCT06341712,France,TERMINATED,Low enrollment/accrual,2024
NCT06341712,Canada,TERMINATED,Low enrollment/accrual,2024
NCT06341712,United States,TERMINATED,Low enrollment/accrual,2024
NCT04070131,Spain,UNKNOWN,No reason recorded,2019
NCT03893539,United States,UNKNOWN,No reason recorded,2019
NCT01525251,Taiwan,UNKNOWN,No reason recorded,2009
NCT03183401,France,UNKNOWN,No reason recorded,2017
NCT00021229,United States,TERMINATED,Low enrollment/accrual,2001
NCT04221620,United States,UNKNOWN,No reason recorded,2020
NCT01121588,South Korea,TERMINATED,Sponsor/business decision,2011
NCT01121588,China,TERMINATED,Sponsor/business decision,2011
NCT01121588,Russia,TERMINATED,Sponsor/business decision,2011
NCT01121588,Taiwan,TERMINATED,Sponsor/business decision,2011
NCT01121588,Italy,TERMINATED,Sponsor/business decision,2011
NCT01121588,Japan,TERMINATED,Sponsor/business decision,2011
NCT01121588,United States,TERMINATED,Sponsor/business decision,2011
NCT01558453,Brazil,UNKNOWN,No reason recorded,2011
NCT00836875,Poland,TERMINATED,Low enrollment/accrual,2009
NCT00836875,Singapore,TERMINATED,Low enrollment/accrual,2009
NCT00836875,Spain,TERMINATED,Low enrollment/accrual,2009
NCT00836875,Thailand,TERMINATED,Low enrollment/accrual,2009
NCT00836875,Netherlands,TERMINATED,Low enrollment/accrual,2009
NCT00836875,Czechia,TERMINATED,Low enrollment/accrual,2009
NCT00836875,Canada,TERMINATED,Low enrollment/accrual,2009
NCT00836875,United States,TERMINATED,Low enrollment/accrual,2009
NCT04688931,Estonia,TERMINATED,Other,2021
NCT04688931,Latvia,TERMINATED,Other,2021
NCT04688931,Ukraine,TERMINATED,Other,2021
NCT04688931,Poland,TERMINATED,Other,2021
NCT04688931,Serbia,TERMINATED,Other,2021
NCT04688931,Russia,TERMINATED,Other,2021
NCT04688931,Bulgaria,TERMINATED,Other,2021
NCT04688931,Georgia,TERMINATED,Other,2021
NCT04688931,United States,TERMINATED,Other,2021
NCT04688931,Israel,TERMINATED,Other,2021
NCT03655119,United States,TERMINATED,Low enrollment/accrual,2018
NCT00107081,Netherlands,TERMINATED,Low enrollment/accrual,2004
NCT00107081,Switzerland,TERMINATED,Low enrollment/accrual,2004
NCT00107081,Germany,TERMINATED,Low enrollment/accrual,2004
NCT04117854,Palestinian Territories,UNKNOWN,No reason recorded,2018
NCT04117854,China,UNKNOWN,No reason recorded,2018
NCT04117854,Australia,UNKNOWN,No reason recorded,2018
NCT04117854,Russia,UNKNOWN,No reason recorded,2018
NCT04117854,Norway,UNKNOWN,No reason recorded,2018
NCT04117854,United States,UNKNOWN,No reason recorded,2018
NCT04117854,Sweden,UNKNOWN,No reason recorded,2018
NCT04117854,Israel,UNKNOWN,No reason recorded,2018
NCT02800889,United States,WITHDRAWN,Low enrollment/accrual,2016
NCT00608517,United States,TERMINATED,Low enrollment/accrual,2005
NCT00759018,Canada,NO_LONGER_AVAILABLE,No reason recorded,Not listed
NCT00759018,United States,NO_LONGER_AVAILABLE,No reason recorded,Not listed
NCT00349024,Ireland,UNKNOWN,No reason recorded,2005
NCT00349024,United Kingdom,UNKNOWN,No reason recorded,2005
NCT05617131,France,UNKNOWN,No reason recorded,2020
NCT00667784,United States,TERMINATED,Low enrollment/accrual,2008
NCT02680847,United States,TERMINATED,Efficacy not met,2016
NCT04433871,France,UNKNOWN,No reason recorded,2020
NCT04075877,United States,UNKNOWN,No reason recorded,2020
NCT05977387,France,UNKNOWN,No reason recorded,2021
NCT00003073,Canada,UNKNOWN,No reason recorded,1997
NCT00003073,United States,UNKNOWN,No reason recorded,1997
NCT02473497,United States,NO_LONGER_AVAILABLE,No reason recorded,Not listed
NCT04029688,Spain,TERMINATED,Efficacy not met,2020
NCT04029688,United Kingdom,TERMINATED,Efficacy not met,2020
NCT04029688,Netherlands,TERMINATED,Efficacy not met,2020
NCT04029688,France,TERMINATED,Efficacy not met,2020
NCT04029688,Canada,TERMINATED,Efficacy not met,2020
NCT04029688,United States,TERMINATED,Efficacy not met,2020
NCT01187810,United States,TERMINATED,Other,2010
NCT05639062,Hong Kong,UNKNOWN,No reason recorded,2023
NCT05294380,Turkey (Türkiye),UNKNOWN,No reason recorded,2021
NCT04511429,Brazil,UNKNOWN,No reason recorded,2020
NCT00719849,United States,TERMINATED,Other,2005
NCT03905733,South Korea,UNKNOWN,No reason recorded,2019
NCT04842071,Canada,UNKNOWN,No reason recorded,2008
NCT06171971,France,UNKNOWN,No reason recorded,2022
NCT02558244,Egypt,UNKNOWN,No reason recorded,2016
NCT05181904,France,TERMINATED,Low enrollment/accrual,2022
NCT03904862,United States,TERMINATED,Other,2019
NCT04372524,Canada,UNKNOWN,No reason recorded,2020
NCT04372524,United States,UNKNOWN,No reason recorded,2020
NCT04274868,France,UNKNOWN,No reason recorded,2015
NCT04767165,Russia,UNKNOWN,No reason recorded,2021
NCT06288802,Egypt,UNKNOWN,No reason recorded,2020
NCT04381221,Germany,UNKNOWN,No reason recorded,2020
NCT04381221,Czechia,UNKNOWN,No reason recorded,2020
NCT06281912,Germany,UNKNOWN,No reason recorded,2024
NCT06281912,Poland,UNKNOWN,No reason recorded,2024
NCT06281912,Spain,UNKNOWN,No reason recorded,2024
NCT06281912,Netherlands,UNKNOWN,No reason recorded,2024
NCT06281912,Italy,UNKNOWN,No reason recorded,2024
NCT06281912,France,UNKNOWN,No reason recorded,2024
NCT06281912,Sweden,UNKNOWN,No reason recorded,2024
NCT04065204,China,UNKNOWN,No reason recorded,2019
NCT00006247,United States,TERMINATED,Sponsor/business decision,2000
NCT04049864,Belarus,UNKNOWN,No reason recorded,2019
NCT03420963,United States,TERMINATED,Other,2018
NCT02503384,China,UNKNOWN,No reason recorded,2015
NCT00077493,United States,SUSPENDED,Other,2004
NCT04341311,United States,TERMINATED,Other,2020
NCT02031965,United States,TERMINATED,No reason recorded,2013
NCT01342237,South Korea,UNKNOWN,No reason recorded,2011
NCT03416530,United States,TERMINATED,Low enrollment/accrual,2018
NCT05986734,Russia,UNKNOWN,No reason recorded,2022
NCT04723342,Russia,UNKNOWN,No reason recorded,2020
NCT06230016,France,UNKNOWN,No reason recorded,2024
NCT00035958,United States,TERMINATED,Funding,2002
NCT02419755,United States,TERMINATED,Low enrollment/accrual,2015
NCT05412563,United States,TERMINATED,Low enrollment/accrual,2022
NCT02629926,United Kingdom,UNKNOWN,No reason recorded,2010
NCT03605212,Bulgaria,TERMINATED,Other,2017
NCT03605212,Italy,TERMINATED,Other,2017
NCT03605212,Spain,TERMINATED,Other,2017
NCT03605212,Hungary,TERMINATED,Other,2017
NCT06133036,Egypt,UNKNOWN,No reason recorded,2023
NCT04525014,United States,TERMINATED,Low enrollment/accrual,2023
NCT01424839,Germany,UNKNOWN,No reason recorded,2011
NCT03015519,United States,WITHDRAWN,Low enrollment/accrual,2017
NCT00941928,United States,TERMINATED,Low enrollment/accrual,2009
NCT03442985,Japan,TERMINATED,Efficacy not met,2018
NCT03442985,Spain,TERMINATED,Efficacy not met,2018
NCT03442985,Belgium,TERMINATED,Efficacy not met,2018
NCT03442985,Australia,TERMINATED,Efficacy not met,2018
NCT03442985,United Kingdom,TERMINATED,Efficacy not met,2018
NCT03442985,Portugal,TERMINATED,Efficacy not met,2018
NCT03442985,Italy,TERMINATED,Efficacy not met,2018
NCT03442985,Netherlands,TERMINATED,Efficacy not met,2018
NCT03442985,Turkey (Türkiye),TERMINATED,Efficacy not met,2018
NCT03442985,France,TERMINATED,Efficacy not met,2018
NCT03442985,Canada,TERMINATED,Efficacy not met,2018
NCT03442985,United States,TERMINATED,Efficacy not met,2018
NCT04604691,South Korea,UNKNOWN,No reason recorded,2022
NCT02403323,South Korea,TERMINATED,Efficacy not met,2015
NCT02403323,Estonia,TERMINATED,Efficacy not met,2015
NCT02403323,United Kingdom,TERMINATED,Efficacy not met,2015
NCT02403323,Serbia,TERMINATED,Efficacy not met,2015
NCT02403323,Brazil,TERMINATED,Efficacy not met,2015
NCT02403323,Argentina,TERMINATED,Efficacy not met,2015
NCT02403323,Israel,TERMINATED,Efficacy not met,2015
NCT02403323,Germany,TERMINATED,Efficacy not met,2015
NCT02403323,Croatia,TERMINATED,Efficacy not met,2015
NCT02403323,Ukraine,TERMINATED,Efficacy not met,2015
NCT02403323,Poland,TERMINATED,Efficacy not met,2015
NCT02403323,Australia,TERMINATED,Efficacy not met,2015
NCT02403323,South Africa,TERMINATED,Efficacy not met,2015
NCT02403323,Czechia,TERMINATED,Efficacy not met,2015
NCT02403323,Italy,TERMINATED,Efficacy not met,2015
NCT02403323,Netherlands,TERMINATED,Efficacy not met,2015
NCT02403323,Romania,TERMINATED,Efficacy not met,2015
NCT02403323,New Zealand,TERMINATED,Efficacy not met,2015
NCT02403323,Austria,TERMINATED,Efficacy not met,2015
NCT02403323,Hungary,TERMINATED,Efficacy not met,2015
NCT02403323,Spain,TERMINATED,Efficacy not met,2015
NCT02403323,Belgium,TERMINATED,Efficacy not met,2015
NCT02403323,Slovakia,TERMINATED,Efficacy not met,2015
NCT02403323,France,TERMINATED,Efficacy not met,2015
NCT02403323,United States,TERMINATED,Efficacy not met,2015
NCT02403323,Switzerland,TERMINATED,Efficacy not met,2015
NCT02403323,Latvia,TERMINATED,Efficacy not met,2015
NCT02403323,Mexico,TERMINATED,Efficacy not met,2015
NCT02403323,Russia,TERMINATED,Efficacy not met,2015
NCT02403323,Bulgaria,TERMINATED,Efficacy not met,2015
NCT02403323,Turkey (Türkiye),TERMINATED,Efficacy not met,2015
NCT02403323,Lithuania,TERMINATED,Efficacy not met,2015
NCT02403323,Canada,TERMINATED,Efficacy not met,2015
NCT01533376,United States,TERMINATED,No reason recorded,2012
NCT03893643,France,UNKNOWN,No reason recorded,2019
NCT05973162,Pakistan,UNKNOWN,No reason recorded,2023
NCT03038997,United States,TERMINATED,Regulatory,2014
NCT05125666,Egypt,UNKNOWN,No reason recorded,2020
NCT01404702,United States,TERMINATED,Low enrollment/accrual,2011
NCT02974322,South Korea,WITHDRAWN,Sponsor/business decision,2017
NCT02974322,United Kingdom,WITHDRAWN,Sponsor/business decision,2017
NCT02974322,Serbia,WITHDRAWN,Sponsor/business decision,2017
NCT02974322,Portugal,WITHDRAWN,Sponsor/business decision,2017
NCT02974322,Denmark,WITHDRAWN,Sponsor/business decision,2017
NCT02974322,Sweden,WITHDRAWN,Sponsor/business decision,2017
NCT02974322,Israel,WITHDRAWN,Sponsor/business decision,2017
NCT02974322,Germany,WITHDRAWN,Sponsor/business decision,2017
NCT02974322,Croatia,WITHDRAWN,Sponsor/business decision,2017
NCT02974322,Ukraine,WITHDRAWN,Sponsor/business decision,2017
NCT02974322,Poland,WITHDRAWN,Sponsor/business decision,2017
NCT02974322,Australia,WITHDRAWN,Sponsor/business decision,2017
NCT02974322,Czechia,WITHDRAWN,Sponsor/business decision,2017
NCT02974322,Italy,WITHDRAWN,Sponsor/business decision,2017
NCT02974322,Netherlands,WITHDRAWN,Sponsor/business decision,2017
NCT02974322,Romania,WITHDRAWN,Sponsor/business decision,2017
NCT02974322,Austria,WITHDRAWN,Sponsor/business decision,2017
NCT02974322,Hungary,WITHDRAWN,Sponsor/business decision,2017
NCT02974322,Spain,WITHDRAWN,Sponsor/business decision,2017
NCT02974322,Belgium,WITHDRAWN,Sponsor/business decision,2017
NCT02974322,Slovakia,WITHDRAWN,Sponsor/business decision,2017
NCT02974322,France,WITHDRAWN,Sponsor/business decision,2017
NCT02974322,United States,WITHDRAWN,Sponsor/business decision,2017
NCT02974322,Finland,WITHDRAWN,Sponsor/business decision,2017
NCT02974322,Switzerland,WITHDRAWN,Sponsor/business decision,2017
NCT02974322,Latvia,WITHDRAWN,Sponsor/business decision,2017
NCT02974322,Greece,WITHDRAWN,Sponsor/business decision,2017
NCT02974322,Russia,WITHDRAWN,Sponsor/business decision,2017
NCT02974322,Turkey (Türkiye),WITHDRAWN,Sponsor/business decision,2017
NCT02974322,Canada,WITHDRAWN,Sponsor/business decision,2017
NCT02557048,Egypt,UNKNOWN,No reason recorded,2019
NCT04334993,Israel,UNKNOWN,No reason recorded,2021
NCT03983148,Hong Kong,UNKNOWN,No reason recorded,2019
NCT03654703,China,UNKNOWN,No reason recorded,2015
NCT00801918,United States,WITHDRAWN,Funding,2008
NCT03752203,United States,TERMINATED,Other,2021
NCT04735289,Italy,UNKNOWN,No reason recorded,2021
NCT04814758,Russia,UNKNOWN,No reason recorded,2020
NCT01100658,United States,TERMINATED,Low enrollment/accrual,2010
NCT00278278,United States,UNKNOWN,No reason recorded,2003
NCT05598593,China,UNKNOWN,No reason recorded,2022
NCT04244955,France,TERMINATED,PI/Staff unavailable,2020
NCT01948232,Canada,WITHDRAWN,Low enrollment/accrual,2013
NCT03019809,Russia,UNKNOWN,No reason recorded,2016
NCT03173833,Taiwan,UNKNOWN,No reason recorded,2017
NCT04328714,United States,TERMINATED,Other,2021
NCT00179816,United States,UNKNOWN,No reason recorded,1999
NCT05645133,United States,TERMINATED,PI/Staff unavailable,2023
NCT05324384,China,UNKNOWN,No reason recorded,2022
NCT05134740,United States,WITHDRAWN,Other,2024
NCT01944982,Spain,TERMINATED,Low enrollment/accrual,2013
NCT04239040,United States,TERMINATED,Other,2020
NCT01177540,Canada,TERMINATED,Low enrollment/accrual,2011
NCT01177540,United States,TERMINATED,Low enrollment/accrual,2011
NCT01177540,Australia,TERMINATED,Low enrollment/accrual,2011
NCT01519323,Germany,TERMINATED,Low enrollment/accrual,2013
NCT01519323,Poland,TERMINATED,Low enrollment/accrual,2013
NCT01519323,Spain,TERMINATED,Low enrollment/accrual,2013
NCT01519323,Australia,TERMINATED,Low enrollment/accrual,2013
NCT01519323,United Kingdom,TERMINATED,Low enrollment/accrual,2013
NCT01519323,Slovakia,TERMINATED,Low enrollment/accrual,2013
NCT01519323,Italy,TERMINATED,Low enrollment/accrual,2013
NCT01519323,France,TERMINATED,Low enrollment/accrual,2013
NCT01519323,United States,TERMINATED,Low enrollment/accrual,2013
NCT01519323,Israel,TERMINATED,Low enrollment/accrual,2013
NCT04737590,Finland,UNKNOWN,No reason recorded,2012
NCT01704885,United States,TERMINATED,Low enrollment/accrual,2011
NCT04735211,Spain,UNKNOWN,No reason recorded,2020
NCT05181332,China,UNKNOWN,No reason recorded,2021
NCT02759549,United States,WITHDRAWN,No reason recorded,2015
NCT02433158,Canada,TERMINATED,Efficacy not met,2015
NCT02433158,United States,TERMINATED,Efficacy not met,2015
NCT05235633,Germany,UNKNOWN,No reason recorded,2022
NCT03853317,United States,TERMINATED,Low enrollment/accrual,2020
NCT02338050,United States,TERMINATED,No reason recorded,2015
NCT05179174,Poland,UNKNOWN,No reason recorded,2021
NCT05179174,Italy,UNKNOWN,No reason recorded,2021
NCT01304459,Brazil,UNKNOWN,No reason recorded,2011
NCT01312818,United States,TERMINATED,Low enrollment/accrual,2011
NCT05579769,United States,TERMINATED,PI/Staff unavailable,2023
NCT00998361,Italy,UNKNOWN,No reason recorded,2009
NCT06120686,Poland,UNKNOWN,No reason recorded,2023
NCT04981899,Russia,UNKNOWN,No reason recorded,2021
NCT04530487,United States,TERMINATED,PI/Staff unavailable,2020
NCT01200602,United States,TERMINATED,Low enrollment/accrual,2011
NCT06060431,Spain,UNKNOWN,No reason recorded,2021
NCT02676323,United States,TERMINATED,Low enrollment/accrual,2016
NCT01554254,United States,WITHDRAWN,Low enrollment/accrual,2012
NCT00124956,United States,WITHDRAWN,No reason recorded,2003
NCT01220427,Germany,TERMINATED,No reason recorded,2007
NCT00659334,United States,TERMINATED,Other,2000
NCT02309242,Belgium,UNKNOWN,No reason recorded,2014
NCT05778955,China,UNKNOWN,No reason recorded,2022
NCT05371236,Hong Kong,UNKNOWN,No reason recorded,2022
NCT03958916,China,UNKNOWN,No reason recorded,2017
NCT05950204,Mexico,UNKNOWN,No reason recorded,2022
NCT04269850,Russia,TERMINATED,Low enrollment/accrual,2019
NCT01007617,France,UNKNOWN,No reason recorded,2009
NCT05123040,United States,TERMINATED,Funding,2023
NCT04321850,Mexico,TERMINATED,COVID-19,2019
NCT04621110,Brazil,UNKNOWN,No reason recorded,2021
NCT01836549,United States,TERMINATED,Other,2013
NCT01201850,United States,TERMINATED,Low enrollment/accrual,2010
NCT01032070,Canada,TERMINATED,Efficacy not met,2010
NCT01032070,United States,TERMINATED,Efficacy not met,2010
NCT01032070,United Kingdom,TERMINATED,Efficacy not met,2010
NCT04402073,Germany,TERMINATED,Low enrollment/accrual,2022
NCT04402073,Switzerland,TERMINATED,Low enrollment/accrual,2022
NCT04402073,Austria,TERMINATED,Low enrollment/accrual,2022
NCT04402073,Spain,TERMINATED,Low enrollment/accrual,2022
NCT04402073,Australia,TERMINATED,Low enrollment/accrual,2022
NCT04402073,Italy,TERMINATED,Low enrollment/accrual,2022
NCT04402073,Netherlands,TERMINATED,Low enrollment/accrual,2022
NCT04402073,France,TERMINATED,Low enrollment/accrual,2022
NCT04824651,France,UNKNOWN,No reason recorded,2021
NCT02855034,France,TERMINATED,Low enrollment/accrual,2016
NCT04002869,Spain,UNKNOWN,No reason recorded,2019
NCT00575796,Canada,UNKNOWN,No reason recorded,2007
NCT03690869,United States,TERMINATED,Sponsor/business decision,2018
NCT02617862,Canada,TERMINATED,Other,2015
NCT05326984,Mexico,UNKNOWN,No reason recorded,2021
NCT01810926,Italy,UNKNOWN,No reason recorded,2011
NCT04044378,China,WITHDRAWN,Safety concerns,2019
NCT04930406,United States,UNKNOWN,No reason recorded,2012
NCT01807468,South Korea,UNKNOWN,No reason recorded,2013
NCT02255461,United States,TERMINATED,Efficacy not met,2014
NCT00624143,India,UNKNOWN,No reason recorded,2008
NCT02668354,Egypt,UNKNOWN,No reason recorded,2017
NCT02443545,Egypt,TERMINATED,Other,2015
NCT02443545,United Kingdom,TERMINATED,Other,2015
NCT02443545,Saudi Arabia,TERMINATED,Other,2015
NCT02443545,Canada,TERMINATED,Other,2015
NCT02443545,United States,TERMINATED,Other,2015
NCT05533541,United Kingdom,UNKNOWN,No reason recorded,2023
NCT00428272,United States,TERMINATED,No reason recorded,2006
NCT05840744,Egypt,UNKNOWN,No reason recorded,2023
NCT02772198,Israel,UNKNOWN,No reason recorded,2016
NCT04228393,China,UNKNOWN,No reason recorded,2020
NCT03773718,Russia,UNKNOWN,No reason recorded,2018
NCT04173988,China,UNKNOWN,No reason recorded,2020
NCT02451774,Mexico,UNKNOWN,No reason recorded,2015
NCT00906113,Israel,UNKNOWN,No reason recorded,2011
NCT03281746,United States,TERMINATED,Low enrollment/accrual,2017
NCT00882323,South Korea,UNKNOWN,No reason recorded,2008
NCT02608762,Taiwan,UNKNOWN,No reason recorded,2013
NCT05792761,China,UNKNOWN,No reason recorded,2021
NCT04353063,Taiwan,UNKNOWN,No reason recorded,2020
NCT04719416,United States,WITHDRAWN,PI/Staff unavailable,2022
NCT05206344,France,UNKNOWN,No reason recorded,2022
NCT03494998,United Kingdom,UNKNOWN,No reason recorded,2018
NCT05872893,Armenia,UNKNOWN,No reason recorded,2023
NCT04870697,China,UNKNOWN,No reason recorded,2021
NCT01483690,United States,TERMINATED,Safety concerns,2011
NCT01483690,Australia,TERMINATED,Safety concerns,2011
NCT04090268,Italy,UNKNOWN,No reason recorded,2017
NCT01663090,United States,WITHDRAWN,Other,2012
NCT03140176,Algeria,TERMINATED,Low enrollment/accrual,2017
NCT03140176,Egypt,TERMINATED,Low enrollment/accrual,2017
NCT03140176,Morocco,TERMINATED,Low enrollment/accrual,2017
NCT03140176,Kuwait,TERMINATED,Low enrollment/accrual,2017
NCT02663518,Canada,TERMINATED,Low enrollment/accrual,2016
NCT02663518,United States,TERMINATED,Low enrollment/accrual,2016
NCT00526084,Taiwan,UNKNOWN,No reason recorded,2007
NCT04158284,Germany,UNKNOWN,No reason recorded,2019
NCT04174820,France,UNKNOWN,No reason recorded,2020
NCT02284061,France,UNKNOWN,No reason recorded,2014
NCT06092203,Egypt,UNKNOWN,No reason recorded,2023
NCT01232556,United Kingdom,TERMINATED,Efficacy not met,2011
NCT01232556,Sweden,TERMINATED,Efficacy not met,2011
NCT01232556,Germany,TERMINATED,Efficacy not met,2011
NCT01232556,Ireland,TERMINATED,Efficacy not met,2011
NCT01232556,Croatia,TERMINATED,Efficacy not met,2011
NCT01232556,India,TERMINATED,Efficacy not met,2011
NCT01232556,Ukraine,TERMINATED,Efficacy not met,2011
NCT01232556,Poland,TERMINATED,Efficacy not met,2011
NCT01232556,Czechia,TERMINATED,Efficacy not met,2011
NCT01232556,Japan,TERMINATED,Efficacy not met,2011
NCT01232556,Hungary,TERMINATED,Efficacy not met,2011
NCT01232556,Spain,TERMINATED,Efficacy not met,2011
NCT01232556,Belgium,TERMINATED,Efficacy not met,2011
NCT01232556,Slovakia,TERMINATED,Efficacy not met,2011
NCT01232556,Taiwan,TERMINATED,Efficacy not met,2011
NCT01232556,France,TERMINATED,Efficacy not met,2011
NCT01232556,United States,TERMINATED,Efficacy not met,2011
NCT01232556,Mexico,TERMINATED,Efficacy not met,2011
NCT01232556,Singapore,TERMINATED,Efficacy not met,2011
NCT01232556,Russia,TERMINATED,Efficacy not met,2011
NCT01232556,Bulgaria,TERMINATED,Efficacy not met,2011
NCT01232556,Puerto Rico,TERMINATED,Efficacy not met,2011
NCT01232556,Thailand,TERMINATED,Efficacy not met,2011
NCT01232556,Lithuania,TERMINATED,Efficacy not met,2011
NCT01232556,Canada,TERMINATED,Efficacy not met,2011
NCT04826146,Spain,UNKNOWN,No reason recorded,2020
NCT03819205,Turkey (Türkiye),UNKNOWN,No reason recorded,2018
NCT04023331,United States,TERMINATED,Sponsor/business decision,2020
NCT05338541,China,UNKNOWN,No reason recorded,2022
NCT04888871,Turkey (Türkiye),UNKNOWN,No reason recorded,2020
NCT00852709,Canada,TERMINATED,Low enrollment/accrual,2007
NCT00852709,United States,TERMINATED,Low enrollment/accrual,2007
NCT03121599,Qatar,TERMINATED,Low enrollment/accrual,2017
NCT03586401,Russia,UNKNOWN,No reason recorded,2017
NCT00313053,United States,TERMINATED,No reason recorded,2004
NCT03840902,Germany,TERMINATED,Efficacy not met,2019
NCT03840902,Japan,TERMINATED,Efficacy not met,2019
NCT03840902,South Korea,TERMINATED,Efficacy not met,2019
NCT03840902,China,TERMINATED,Efficacy not met,2019
NCT03840902,Spain,TERMINATED,Efficacy not met,2019
NCT03840902,Belgium,TERMINATED,Efficacy not met,2019
NCT03840902,Australia,TERMINATED,Efficacy not met,2019
NCT03840902,Taiwan,TERMINATED,Efficacy not met,2019
NCT03840902,Brazil,TERMINATED,Efficacy not met,2019
NCT03840902,Czechia,TERMINATED,Efficacy not met,2019
NCT03840902,Netherlands,TERMINATED,Efficacy not met,2019
NCT03840902,Argentina,TERMINATED,Efficacy not met,2019
NCT03840902,France,TERMINATED,Efficacy not met,2019
NCT03840902,Canada,TERMINATED,Efficacy not met,2019
NCT03840902,United States,TERMINATED,Efficacy not met,2019
NCT03274037,France,UNKNOWN,No reason recorded,2017
NCT00354172,United States,TERMINATED,Other,2006
NCT03098355,China,WITHDRAWN,Sponsor/business decision,2017
NCT00586807,United States,TERMINATED,Low enrollment/accrual,2005
NCT03554707,United States,UNKNOWN,No reason recorded,2022
NCT04626765,China,UNKNOWN,No reason recorded,2020
NCT05493228,Egypt,UNKNOWN,No reason recorded,2022
NCT05490953,Mexico,UNKNOWN,No reason recorded,2022
NCT04678947,United States,TERMINATED,PI/Staff unavailable,2021
NCT05066958,Russia,UNKNOWN,No reason recorded,2021
NCT01906671,Denmark,UNKNOWN,No reason recorded,2013
NCT00229814,United States,WITHDRAWN,Other,2005
NCT02524847,Germany,TERMINATED,Low enrollment/accrual,2016
NCT02524847,Austria,TERMINATED,Low enrollment/accrual,2016
NCT02524847,Hungary,TERMINATED,Low enrollment/accrual,2016
NCT02524847,Spain,TERMINATED,Low enrollment/accrual,2016
NCT02524847,United Kingdom,TERMINATED,Low enrollment/accrual,2016
NCT02524847,Italy,TERMINATED,Low enrollment/accrual,2016
NCT02524847,France,TERMINATED,Low enrollment/accrual,2016
NCT02524847,United States,TERMINATED,Low enrollment/accrual,2016
NCT04544878,France,UNKNOWN,No reason recorded,2020
NCT05556616,Israel,TERMINATED,Sponsor/business decision,2023
NCT05556616,United States,TERMINATED,Sponsor/business decision,2023
NCT05556616,Spain,TERMINATED,Sponsor/business decision,2023
NCT05556616,Belgium,TERMINATED,Sponsor/business decision,2023
NCT02441491,United States,WITHDRAWN,Low enrollment/accrual,2015
NCT05222516,Poland,TERMINATED,Efficacy not met,2021
NCT05222516,France,TERMINATED,Efficacy not met,2021
NCT05222516,Netherlands,TERMINATED,Efficacy not met,2021
NCT05222516,Germany,TERMINATED,Efficacy not met,2021
NCT04032743,Israel,UNKNOWN,No reason recorded,2018
NCT04142359,United States,TERMINATED,Low enrollment/accrual,2019
NCT00633958,United States,TERMINATED,Other,2008
NCT02665676,Egypt,UNKNOWN,No reason recorded,2019
NCT05006040,United States,TERMINATED,Low enrollment/accrual,2022
NCT06395090,Taiwan,WITHDRAWN,Other,2025
NCT06395090,United States,WITHDRAWN,Other,2025
NCT06395090,South Korea,WITHDRAWN,Other,2025
NCT04605523,Germany,UNKNOWN,No reason recorded,2020
NCT03390387,Uzbekistan,UNKNOWN,No reason recorded,2015
NCT03390387,Armenia,UNKNOWN,No reason recorded,2015
NCT03390387,Russia,UNKNOWN,No reason recorded,2015
NCT03390387,Kyrgyzstan,UNKNOWN,No reason recorded,2015
NCT03390387,Belarus,UNKNOWN,No reason recorded,2015
NCT05322187,China,UNKNOWN,No reason recorded,2022
NCT02398994,United Kingdom,TERMINATED,Low enrollment/accrual,2015
NCT02557230,Egypt,UNKNOWN,No reason recorded,2016
NCT03889483,Canada,UNKNOWN,No reason recorded,2018
NCT04173273,Egypt,TERMINATED,Efficacy not met,2020
NCT04173273,South Korea,TERMINATED,Efficacy not met,2020
NCT04173273,Lebanon,TERMINATED,Efficacy not met,2020
NCT04173273,United Kingdom,TERMINATED,Efficacy not met,2020
NCT04173273,Serbia,TERMINATED,Efficacy not met,2020
NCT04173273,Denmark,TERMINATED,Efficacy not met,2020
NCT04173273,Argentina,TERMINATED,Efficacy not met,2020
NCT04173273,Israel,TERMINATED,Efficacy not met,2020
NCT04173273,Germany,TERMINATED,Efficacy not met,2020
NCT04173273,Croatia,TERMINATED,Efficacy not met,2020
NCT04173273,India,TERMINATED,Efficacy not met,2020
NCT04173273,Ukraine,TERMINATED,Efficacy not met,2020
NCT04173273,Poland,TERMINATED,Efficacy not met,2020
NCT04173273,Australia,TERMINATED,Efficacy not met,2020
NCT04173273,South Africa,TERMINATED,Efficacy not met,2020
NCT04173273,Czechia,TERMINATED,Efficacy not met,2020
NCT04173273,Italy,TERMINATED,Efficacy not met,2020
NCT04173273,Netherlands,TERMINATED,Efficacy not met,2020
NCT04173273,Malaysia,TERMINATED,Efficacy not met,2020
NCT04173273,Japan,TERMINATED,Efficacy not met,2020
NCT04173273,Romania,TERMINATED,Efficacy not met,2020
NCT04173273,Chile,TERMINATED,Efficacy not met,2020
NCT04173273,Austria,TERMINATED,Efficacy not met,2020
NCT04173273,Hungary,TERMINATED,Efficacy not met,2020
NCT04173273,Spain,TERMINATED,Efficacy not met,2020
NCT04173273,Belgium,TERMINATED,Efficacy not met,2020
NCT04173273,Slovakia,TERMINATED,Efficacy not met,2020
NCT04173273,France,TERMINATED,Efficacy not met,2020
NCT04173273,United States,TERMINATED,Efficacy not met,2020
NCT04173273,Belarus,TERMINATED,Efficacy not met,2020
NCT04173273,Moldova,TERMINATED,Efficacy not met,2020
NCT04173273,Switzerland,TERMINATED,Efficacy not met,2020
NCT04173273,Mexico,TERMINATED,Efficacy not met,2020
NCT04173273,Colombia,TERMINATED,Efficacy not met,2020
NCT04173273,Greece,TERMINATED,Efficacy not met,2020
NCT04173273,Russia,TERMINATED,Efficacy not met,2020
NCT04173273,Bulgaria,TERMINATED,Efficacy not met,2020
NCT04173273,Georgia,TERMINATED,Efficacy not met,2020
NCT04173273,Turkey (Türkiye),TERMINATED,Efficacy not met,2020
NCT04173273,Lithuania,TERMINATED,Efficacy not met,2020
NCT04173273,Canada,TERMINATED,Efficacy not met,2020
NCT03916783,Uganda,WITHDRAWN,Other,2020
NCT05718856,China,UNKNOWN,No reason recorded,2023
NCT03188549,Israel,UNKNOWN,No reason recorded,2017
NCT03905538,United States,WITHDRAWN,Low enrollment/accrual,2019
NCT05118464,Turkey (Türkiye),UNKNOWN,No reason recorded,2021
NCT03709914,United States,UNKNOWN,No reason recorded,2018
NCT02130934,United States,WITHDRAWN,Low enrollment/accrual,2014
NCT04519632,United Kingdom,UNKNOWN,No reason recorded,2019
NCT03043430,United States,TERMINATED,Other,2016
NCT04158011,Israel,UNKNOWN,No reason recorded,2019
NCT04242121,Russia,TERMINATED,Low enrollment/accrual,2020
NCT00881933,South Korea,UNKNOWN,No reason recorded,2008
NCT01880801,Israel,UNKNOWN,No reason recorded,2013
NCT01642823,United States,TERMINATED,Other,2012
NCT01642823,Guatemala,TERMINATED,Other,2012
NCT02473523,United States,TERMINATED,PI/Staff unavailable,2015
NCT00167661,United States,TERMINATED,Low enrollment/accrual,2004
NCT03860844,Germany,TERMINATED,Efficacy not met,2019
NCT03860844,South Korea,TERMINATED,Efficacy not met,2019
NCT03860844,Mexico,TERMINATED,Efficacy not met,2019
NCT03860844,Peru,TERMINATED,Efficacy not met,2019
NCT03860844,Hungary,TERMINATED,Efficacy not met,2019
NCT03860844,Greece,TERMINATED,Efficacy not met,2019
NCT03860844,Portugal,TERMINATED,Efficacy not met,2019
NCT03860844,Brazil,TERMINATED,Efficacy not met,2019
NCT03860844,Italy,TERMINATED,Efficacy not met,2019
NCT03860844,Denmark,TERMINATED,Efficacy not met,2019
NCT03860844,Netherlands,TERMINATED,Efficacy not met,2019
NCT03860844,Argentina,TERMINATED,Efficacy not met,2019
NCT03860844,Norway,TERMINATED,Efficacy not met,2019
NCT03860844,France,TERMINATED,Efficacy not met,2019
NCT03860844,United States,TERMINATED,Efficacy not met,2019
NCT03860844,Sweden,TERMINATED,Efficacy not met,2019
NCT02441309,Germany,TERMINATED,Low enrollment/accrual,2014
NCT02441309,United Kingdom,TERMINATED,Low enrollment/accrual,2014
NCT02441309,Italy,TERMINATED,Low enrollment/accrual,2014
NCT02441309,Netherlands,TERMINATED,Low enrollment/accrual,2014
NCT02441309,Norway,TERMINATED,Low enrollment/accrual,2014
NCT05172063,Egypt,UNKNOWN,No reason recorded,2022
NCT04034914,United States,TERMINATED,Funding,2019
NCT02787876,South Korea,UNKNOWN,No reason recorded,2016
NCT03827759,France,TERMINATED,Low enrollment/accrual,2019
NCT05740449,Netherlands,WITHDRAWN,Sponsor/business decision,2023
NCT04968860,Brazil,TERMINATED,Other,2019
NCT01896440,United States,WITHDRAWN,Regulatory,2013
NCT03600649,United States,UNKNOWN,No reason recorded,2018
NCT03003273,India,TERMINATED,Low enrollment/accrual,2017
NCT01864291,United States,TERMINATED,Other,2013
NCT00314925,United States,UNKNOWN,No reason recorded,2006
NCT02332889,United States,TERMINATED,Other,2015
NCT05729178,Italy,UNKNOWN,No reason recorded,2020
NCT05348915,Oman,TERMINATED,Sponsor/business decision,2022
NCT05348915,United States,TERMINATED,Sponsor/business decision,2022
NCT05348915,Tanzania,TERMINATED,Sponsor/business decision,2022
NCT05348915,Colombia,TERMINATED,Sponsor/business decision,2022
NCT05348915,Lebanon,TERMINATED,Sponsor/business decision,2022
NCT05348915,Brazil,TERMINATED,Sponsor/business decision,2022
NCT05348915,Turkey (Türkiye),TERMINATED,Sponsor/business decision,2022
NCT05348915,Nigeria,TERMINATED,Sponsor/business decision,2022
NCT05348915,Saudi Arabia,TERMINATED,Sponsor/business decision,2022
NCT05348915,Kenya,TERMINATED,Sponsor/business decision,2022
NCT02567149,United States,WITHDRAWN,Funding,2016
NCT02519335,United States,TERMINATED,PI/Staff unavailable,2014
NCT03471221,United States,UNKNOWN,No reason recorded,2018
NCT03211169,United States,TERMINATED,Low enrollment/accrual,2017
NCT05825794,Italy,UNKNOWN,No reason recorded,2021
NCT04897880,New Zealand,TERMINATED,Other,2019
NCT04897880,United States,TERMINATED,Other,2019
NCT04897880,Australia,TERMINATED,Other,2019
NCT05693519,Netherlands,UNKNOWN,No reason recorded,2022
NCT03659071,France,UNKNOWN,No reason recorded,2018
NCT05781672,France,TERMINATED,Other,2023
NCT02066272,Poland,UNKNOWN,No reason recorded,2014
NCT03334162,Switzerland,SUSPENDED,Other,2019
NCT03743246,Germany,TERMINATED,Other,2018
NCT03743246,Spain,TERMINATED,Other,2018
NCT03743246,Netherlands,TERMINATED,Other,2018
NCT03743246,Italy,TERMINATED,Other,2018
NCT03743246,France,TERMINATED,Other,2018
NCT03743246,United States,TERMINATED,Other,2018
NCT02703272,South Korea,TERMINATED,Efficacy not met,2016
NCT02703272,United Kingdom,TERMINATED,Efficacy not met,2016
NCT02703272,Brazil,TERMINATED,Efficacy not met,2016
NCT02703272,Sweden,TERMINATED,Efficacy not met,2016
NCT02703272,Germany,TERMINATED,Efficacy not met,2016
NCT02703272,Ukraine,TERMINATED,Efficacy not met,2016
NCT02703272,Poland,TERMINATED,Efficacy not met,2016
NCT02703272,Czechia,TERMINATED,Efficacy not met,2016
NCT02703272,Netherlands,TERMINATED,Efficacy not met,2016
NCT02703272,Romania,TERMINATED,Efficacy not met,2016
NCT02703272,Hungary,TERMINATED,Efficacy not met,2016
NCT02703272,Spain,TERMINATED,Efficacy not met,2016
NCT02703272,Belgium,TERMINATED,Efficacy not met,2016
NCT02703272,Taiwan,TERMINATED,Efficacy not met,2016
NCT02703272,France,TERMINATED,Efficacy not met,2016
NCT02703272,United States,TERMINATED,Efficacy not met,2016
NCT02703272,Russia,TERMINATED,Efficacy not met,2016
NCT02703272,Bulgaria,TERMINATED,Efficacy not met,2016
NCT02703272,Turkey (Türkiye),TERMINATED,Efficacy not met,2016
NCT02703272,Canada,TERMINATED,Efficacy not met,2016
NCT05252403,Italy,UNKNOWN,No reason recorded,2021
NCT00439296,United States,TERMINATED,Low enrollment/accrual,2006
NCT05618275,France,UNKNOWN,No reason recorded,2020
NCT03882437,United States,UNKNOWN,No reason recorded,2019
NCT06345391,Belgium,UNKNOWN,No reason recorded,2024
NCT02121977,United States,TERMINATED,Sponsor/business decision,2014
NCT03721965,Germany,TERMINATED,Efficacy not met,2019
NCT03721965,Spain,TERMINATED,Efficacy not met,2019
NCT03721965,United Kingdom,TERMINATED,Efficacy not met,2019
NCT03721965,Italy,TERMINATED,Efficacy not met,2019
NCT03721965,France,TERMINATED,Efficacy not met,2019
NCT03721965,United States,TERMINATED,Efficacy not met,2019
NCT00798811,South Korea,UNKNOWN,No reason recorded,2005
NCT03339401,Ireland,TERMINATED,Low enrollment/accrual,2017
NCT03339401,Germany,TERMINATED,Low enrollment/accrual,2017
NCT03339401,Poland,TERMINATED,Low enrollment/accrual,2017
NCT03339401,Spain,TERMINATED,Low enrollment/accrual,2017
NCT03339401,United Kingdom,TERMINATED,Low enrollment/accrual,2017
NCT03339401,Italy,TERMINATED,Low enrollment/accrual,2017
NCT03339401,Netherlands,TERMINATED,Low enrollment/accrual,2017
NCT03339401,France,TERMINATED,Low enrollment/accrual,2017
NCT03339401,United States,TERMINATED,Low enrollment/accrual,2017
NCT04203017,Russia,TERMINATED,Other,2019
NCT01247922,Canada,TERMINATED,Efficacy not met,2011
NCT01247922,United States,TERMINATED,Efficacy not met,2011
NCT01247922,United Kingdom,TERMINATED,Efficacy not met,2011
NCT00937053,Canada,TERMINATED,Safety concerns,2009
NCT05230654,China,UNKNOWN,No reason recorded,2022
NCT00698009,United States,TERMINATED,Low enrollment/accrual,2008
NCT03027401,United States,WITHDRAWN,Regulatory,2017
NCT01216839,Brazil,UNKNOWN,No reason recorded,2011
NCT01553071,United States,TERMINATED,COVID-19,2016
NCT02541604,Germany,TERMINATED,Sponsor/business decision,2015
NCT02541604,Switzerland,TERMINATED,Sponsor/business decision,2015
NCT02541604,Spain,TERMINATED,Sponsor/business decision,2015
NCT02541604,United Kingdom,TERMINATED,Sponsor/business decision,2015
NCT02541604,Italy,TERMINATED,Sponsor/business decision,2015
NCT02541604,Netherlands,TERMINATED,Sponsor/business decision,2015
NCT02541604,Denmark,TERMINATED,Sponsor/business decision,2015
NCT02541604,France,TERMINATED,Sponsor/business decision,2015
NCT02541604,Canada,TERMINATED,Sponsor/business decision,2015
NCT02541604,United States,TERMINATED,Sponsor/business decision,2015
NCT02541604,Israel,TERMINATED,Sponsor/business decision,2015
NCT04807387,United States,TERMINATED,Low enrollment/accrual,2022
NCT03963999,United States,WITHDRAWN,Funding,2020
NCT00045721,United States,TERMINATED,Low enrollment/accrual,2003
NCT03605589,United States,WITHDRAWN,Low enrollment/accrual,2018
NCT04167618,Spain,TERMINATED,Sponsor/business decision,2021
NCT04167618,United Kingdom,TERMINATED,Sponsor/business decision,2021
NCT04167618,Netherlands,TERMINATED,Sponsor/business decision,2021
NCT04167618,Denmark,TERMINATED,Sponsor/business decision,2021
NCT04167618,United States,TERMINATED,Sponsor/business decision,2021
NCT02861716,Egypt,UNKNOWN,No reason recorded,2016
NCT05086315,China,TERMINATED,Sponsor/business decision,2021
NCT05086315,Australia,TERMINATED,Sponsor/business decision,2021
NCT05086315,Netherlands,TERMINATED,Sponsor/business decision,2021
NCT05086315,France,TERMINATED,Sponsor/business decision,2021
NCT05086315,United States,TERMINATED,Sponsor/business decision,2021
NCT05783518,China,UNKNOWN,No reason recorded,2023
NCT01066468,Russia,TERMINATED,No reason recorded,2010
NCT00127543,United States,WITHDRAWN,Other,2005
NCT03149575,United States,TERMINATED,Other,2017
NCT03515200,United States,TERMINATED,PI/Staff unavailable,2018
NCT04950777,United States,UNKNOWN,No reason recorded,2021
NCT01655875,United States,TERMINATED,Low enrollment/accrual,2012
NCT03583294,France,UNKNOWN,No reason recorded,2018
NCT04174001,United States,UNKNOWN,No reason recorded,2020
NCT06033469,Italy,UNKNOWN,No reason recorded,2018
NCT03545542,Austria,UNKNOWN,No reason recorded,2018
NCT03585686,Russia,UNKNOWN,No reason recorded,2018
NCT04210154,Turkey (Türkiye),UNKNOWN,No reason recorded,2021
NCT04210154,France,UNKNOWN,No reason recorded,2021
NCT04210154,Germany,UNKNOWN,No reason recorded,2021
NCT04210154,United Kingdom,UNKNOWN,No reason recorded,2021
NCT05604170,Germany,TERMINATED,Sponsor/business decision,2022
NCT05604170,China,TERMINATED,Sponsor/business decision,2022
NCT05604170,Spain,TERMINATED,Sponsor/business decision,2022
NCT05604170,Australia,TERMINATED,Sponsor/business decision,2022
NCT05604170,United Kingdom,TERMINATED,Sponsor/business decision,2022
NCT05604170,Italy,TERMINATED,Sponsor/business decision,2022
NCT05604170,France,TERMINATED,Sponsor/business decision,2022
NCT05604170,Canada,TERMINATED,Sponsor/business decision,2022
NCT05604170,United States,TERMINATED,Sponsor/business decision,2022
NCT05604170,Israel,TERMINATED,Sponsor/business decision,2022
NCT02349386,United States,TERMINATED,Low enrollment/accrual,2015
NCT04049383,United States,TERMINATED,Low enrollment/accrual,2020
NCT05810662,Egypt,UNKNOWN,No reason recorded,2022
NCT03334305,United States,TERMINATED,Low enrollment/accrual,2018
NCT02557750,Egypt,UNKNOWN,No reason recorded,2016
NCT01619124,Germany,UNKNOWN,No reason recorded,2012
NCT01315925,Italy,UNKNOWN,No reason recorded,2010
NCT03985215,Denmark,WITHDRAWN,Other,2020
NCT05526274,Spain,UNKNOWN,No reason recorded,2022
NCT03445026,Egypt,UNKNOWN,No reason recorded,2018
NCT04225676,United States,TERMINATED,Low enrollment/accrual,2020
NCT04252508,France,UNKNOWN,No reason recorded,2019
NCT01742325,Taiwan,UNKNOWN,No reason recorded,2010
NCT01130623,United States,WITHDRAWN,No reason recorded,2010
NCT01730209,Netherlands,UNKNOWN,No reason recorded,2012
NCT05280600,United Kingdom,UNKNOWN,No reason recorded,2022
NCT00845936,Israel,UNKNOWN,No reason recorded,2009
NCT05167370,United States,TERMINATED,Low enrollment/accrual,2010
NCT01755169,United States,TERMINATED,Low enrollment/accrual,2013
NCT00410631,Switzerland,UNKNOWN,No reason recorded,2004
NCT00410631,Germany,UNKNOWN,No reason recorded,2004
NCT04424095,Italy,UNKNOWN,No reason recorded,2020
NCT02536183,United States,TERMINATED,Low enrollment/accrual,2016
NCT04019470,China,WITHDRAWN,Low enrollment/accrual,2019
NCT05844670,Kenya,UNKNOWN,No reason recorded,2023
NCT00713570,Taiwan,UNKNOWN,No reason recorded,2006
NCT03605186,Egypt,UNKNOWN,No reason recorded,2019
NCT03874273,Russia,UNKNOWN,No reason recorded,2019
NCT02339753,South Korea,UNKNOWN,No reason recorded,2015
NCT03925831,Taiwan,UNKNOWN,No reason recorded,2019
NCT04501731,United Kingdom,UNKNOWN,No reason recorded,2022
NCT01009294,United States,TERMINATED,Efficacy not met,2010
NCT01009294,United Kingdom,TERMINATED,Efficacy not met,2010
NCT03971305,China,UNKNOWN,No reason recorded,2017
NCT01226303,Italy,UNKNOWN,No reason recorded,2009
NCT00633061,United States,TERMINATED,Efficacy not met,2008
NCT06940570,United States,SUSPENDED,Funding,2028
NCT02854488,United States,WITHDRAWN,Low enrollment/accrual,2016
NCT05982587,Italy,UNKNOWN,No reason recorded,2023
NCT04724421,Brazil,NO_LONGER_AVAILABLE,No reason recorded,Not listed
NCT04724421,United States,NO_LONGER_AVAILABLE,No reason recorded,Not listed
NCT00145704,United States,TERMINATED,Low enrollment/accrual,2002
NCT01772849,Denmark,UNKNOWN,No reason recorded,2013
NCT03866707,United States,TERMINATED,PI/Staff unavailable,2019
NCT05303155,South Korea,UNKNOWN,No reason recorded,2022
NCT01572168,United States,TERMINATED,Low enrollment/accrual,2011
NCT03571204,United States,TERMINATED,COVID-19,2018
NCT02116504,France,UNKNOWN,No reason recorded,2014
NCT01216826,Brazil,UNKNOWN,No reason recorded,2011
NCT05627843,Egypt,UNKNOWN,No reason recorded,2022
NCT05199363,Poland,UNKNOWN,No reason recorded,2021
NCT02615106,China,UNKNOWN,No reason recorded,2015
NCT00436761,United States,UNKNOWN,No reason recorded,2004
NCT01857817,United States,TERMINATED,Low enrollment/accrual,2013
NCT02164097,United States,TERMINATED,Low enrollment/accrual,2015
NCT00327782,United States,TERMINATED,No reason recorded,1995
NCT03561259,United States,UNKNOWN,No reason recorded,2019
NCT04501614,South Korea,TERMINATED,Low enrollment/accrual,2021
NCT04501614,Mexico,TERMINATED,Low enrollment/accrual,2021
NCT04501614,Poland,TERMINATED,Low enrollment/accrual,2021
NCT04501614,China,TERMINATED,Low enrollment/accrual,2021
NCT04501614,Spain,TERMINATED,Low enrollment/accrual,2021
NCT04501614,Australia,TERMINATED,Low enrollment/accrual,2021
NCT04501614,United Kingdom,TERMINATED,Low enrollment/accrual,2021
NCT04501614,Portugal,TERMINATED,Low enrollment/accrual,2021
NCT04501614,Brazil,TERMINATED,Low enrollment/accrual,2021
NCT04501614,Czechia,TERMINATED,Low enrollment/accrual,2021
NCT04501614,Italy,TERMINATED,Low enrollment/accrual,2021
NCT04501614,Netherlands,TERMINATED,Low enrollment/accrual,2021
NCT04501614,Argentina,TERMINATED,Low enrollment/accrual,2021
NCT04501614,France,TERMINATED,Low enrollment/accrual,2021
NCT04501614,United States,TERMINATED,Low enrollment/accrual,2021
NCT04859543,Czechia,UNKNOWN,No reason recorded,2021
NCT04938206,France,TERMINATED,Other,2021
NCT02118584,South Korea,TERMINATED,Efficacy not met,2014
NCT02118584,Estonia,TERMINATED,Efficacy not met,2014
NCT02118584,United Kingdom,TERMINATED,Efficacy not met,2014
NCT02118584,Serbia,TERMINATED,Efficacy not met,2014
NCT02118584,Portugal,TERMINATED,Efficacy not met,2014
NCT02118584,Brazil,TERMINATED,Efficacy not met,2014
NCT02118584,Denmark,TERMINATED,Efficacy not met,2014
NCT02118584,Argentina,TERMINATED,Efficacy not met,2014
NCT02118584,Israel,TERMINATED,Efficacy not met,2014
NCT02118584,Germany,TERMINATED,Efficacy not met,2014
NCT02118584,Croatia,TERMINATED,Efficacy not met,2014
NCT02118584,Hong Kong,TERMINATED,Efficacy not met,2014
NCT02118584,India,TERMINATED,Efficacy not met,2014
NCT02118584,Poland,TERMINATED,Efficacy not met,2014
NCT02118584,Ukraine,TERMINATED,Efficacy not met,2014
NCT02118584,Australia,TERMINATED,Efficacy not met,2014
NCT02118584,South Africa,TERMINATED,Efficacy not met,2014
NCT02118584,Czechia,TERMINATED,Efficacy not met,2014
NCT02118584,Italy,TERMINATED,Efficacy not met,2014
NCT02118584,Netherlands,TERMINATED,Efficacy not met,2014
NCT02118584,Malaysia,TERMINATED,Efficacy not met,2014
NCT02118584,Romania,TERMINATED,Efficacy not met,2014
NCT02118584,New Zealand,TERMINATED,Efficacy not met,2014
NCT02118584,Austria,TERMINATED,Efficacy not met,2014
NCT02118584,Hungary,TERMINATED,Efficacy not met,2014
NCT02118584,Spain,TERMINATED,Efficacy not met,2014
NCT02118584,Belgium,TERMINATED,Efficacy not met,2014
NCT02118584,Slovakia,TERMINATED,Efficacy not met,2014
NCT02118584,France,TERMINATED,Efficacy not met,2014
NCT02118584,United States,TERMINATED,Efficacy not met,2014
NCT02118584,Switzerland,TERMINATED,Efficacy not met,2014
NCT02118584,Latvia,TERMINATED,Efficacy not met,2014
NCT02118584,Colombia,TERMINATED,Efficacy not met,2014
NCT02118584,Mexico,TERMINATED,Efficacy not met,2014
NCT02118584,Singapore,TERMINATED,Efficacy not met,2014
NCT02118584,Greece,TERMINATED,Efficacy not met,2014
NCT02118584,Russia,TERMINATED,Efficacy not met,2014
NCT02118584,Bulgaria,TERMINATED,Efficacy not met,2014
NCT02118584,Turkey (Türkiye),TERMINATED,Efficacy not met,2014
NCT02118584,Norway,TERMINATED,Efficacy not met,2014
NCT02118584,Lithuania,TERMINATED,Efficacy not met,2014
NCT02118584,Canada,TERMINATED,Efficacy not met,2014
NCT00378235,United States,WITHDRAWN,Sponsor/business decision,Not listed
NCT00504218,United States,TERMINATED,No reason recorded,2007
NCT02417168,United States,TERMINATED,PI/Staff unavailable,2015
NCT04344626,Canada,WITHDRAWN,Funding,2018
NCT04344626,United States,WITHDRAWN,Funding,2018
NCT02338479,United States,UNKNOWN,No reason recorded,2015
NCT00231712,Germany,UNKNOWN,No reason recorded,2005
NCT02584413,United States,TERMINATED,Low enrollment/accrual,2013
NCT02617927,Israel,UNKNOWN,No reason recorded,2015
NCT03591861,United States,TERMINATED,Low enrollment/accrual,2019
NCT02044965,Canada,UNKNOWN,No reason recorded,2015
NCT02101554,United States,TERMINATED,Efficacy not met,2015
NCT01520467,France,UNKNOWN,No reason recorded,2012
NCT04678336,United States,TERMINATED,Other,2021
NCT03126864,United States,TERMINATED,Other,2017
NCT01675934,United States,WITHDRAWN,PI/Staff unavailable,2012
NCT03888534,United States,WITHDRAWN,Efficacy not met,2020
NCT03888534,Spain,WITHDRAWN,Efficacy not met,2020
NCT06018324,Netherlands,UNKNOWN,No reason recorded,2023
NCT02094092,Pakistan,UNKNOWN,No reason recorded,2014
NCT04564521,South Korea,UNKNOWN,No reason recorded,2020
NCT00823758,United States,UNKNOWN,No reason recorded,2008
NCT02187354,Germany,NO_LONGER_AVAILABLE,No reason recorded,Not listed
NCT02187354,Switzerland,NO_LONGER_AVAILABLE,No reason recorded,Not listed
NCT02187354,Austria,NO_LONGER_AVAILABLE,No reason recorded,Not listed
NCT02187354,United Kingdom,NO_LONGER_AVAILABLE,No reason recorded,Not listed
NCT02187354,Italy,NO_LONGER_AVAILABLE,No reason recorded,Not listed
NCT02187354,France,NO_LONGER_AVAILABLE,No reason recorded,Not listed
NCT02187354,United States,NO_LONGER_AVAILABLE,No reason recorded,Not listed
NCT02312037,United States,NO_LONGER_AVAILABLE,No reason recorded,Not listed
NCT04210011,Hong Kong,UNKNOWN,No reason recorded,2020
NCT04485416,United States,SUSPENDED,PI/Staff unavailable,2021
NCT04097353,United States,TERMINATED,Low enrollment/accrual,2017
NCT01772862,Denmark,UNKNOWN,No reason recorded,2013
NCT01656603,United States,UNKNOWN,No reason recorded,2012
NCT02052479,United States,TERMINATED,No reason recorded,2014
NCT02273583,Brazil,UNKNOWN,No reason recorded,2006
NCT02557256,Egypt,UNKNOWN,No reason recorded,2016
NCT01765803,United States,TERMINATED,Efficacy not met,2013
NCT00572182,United States,TERMINATED,Low enrollment/accrual,2008
NCT04036045,United States,WITHDRAWN,Funding,2018
NCT06227429,China,WITHDRAWN,Low enrollment/accrual,2025
NCT00752206,United States,TERMINATED,Low enrollment/accrual,2009
NCT04845035,United States,WITHDRAWN,PI/Staff unavailable,2024
NCT01643291,United States,TERMINATED,Low enrollment/accrual,2012
NCT03733249,Italy,TERMINATED,No reason recorded,2017
NCT02065869,Italy,TERMINATED,Sponsor/business decision,2014
NCT02065869,United Kingdom,TERMINATED,Sponsor/business decision,2014
NCT01953770,Uzbekistan,UNKNOWN,No reason recorded,2008
NCT01953770,Russia,UNKNOWN,No reason recorded,2008
NCT01953770,Belarus,UNKNOWN,No reason recorded,2008
NCT04996745,United States,WITHDRAWN,Other,2021
NCT01380275,South Korea,UNKNOWN,No reason recorded,2008
NCT05108012,Iran,UNKNOWN,No reason recorded,2021
NCT01423500,Austria,UNKNOWN,No reason recorded,2007
NCT01423500,Poland,UNKNOWN,No reason recorded,2007
NCT01423500,Slovakia,UNKNOWN,No reason recorded,2007
NCT01423500,Czechia,UNKNOWN,No reason recorded,2007
NCT01423500,Italy,UNKNOWN,No reason recorded,2007
NCT01423500,Denmark,UNKNOWN,No reason recorded,2007
NCT01423500,Netherlands,UNKNOWN,No reason recorded,2007
NCT01423500,Turkey (Türkiye),UNKNOWN,No reason recorded,2007
NCT01423500,France,UNKNOWN,No reason recorded,2007
NCT01423500,Sweden,UNKNOWN,No reason recorded,2007
NCT01423500,Israel,UNKNOWN,No reason recorded,2007
NCT01470157,Israel,UNKNOWN,No reason recorded,2011
NCT05222165,Germany,WITHDRAWN,Sponsor/business decision,2021
NCT05222165,Canada,WITHDRAWN,Sponsor/business decision,2021
NCT05222165,United States,WITHDRAWN,Sponsor/business decision,2021
NCT04960761,Turkey (Türkiye),UNKNOWN,No reason recorded,2021
NCT00943553,India,WITHDRAWN,Sponsor/business decision,2010
NCT05233683,Saudi Arabia,UNKNOWN,No reason recorded,2022
NCT04455139,Switzerland,TERMINATED,Low enrollment/accrual,2021
NCT03768869,United States,WITHDRAWN,Other,2006
NCT05115422,Canada,UNKNOWN,No reason recorded,2021
NCT00629395,United States,TERMINATED,No reason recorded,2007
NCT04489537,Armenia,TERMINATED,Sponsor/business decision,2021
NCT04489537,Mexico,TERMINATED,Sponsor/business decision,2021
NCT04489537,India,TERMINATED,Sponsor/business decision,2021
NCT04489537,Ukraine,TERMINATED,Sponsor/business decision,2021
NCT04489537,Hungary,TERMINATED,Sponsor/business decision,2021
NCT04489537,Poland,TERMINATED,Sponsor/business decision,2021
NCT04489537,Spain,TERMINATED,Sponsor/business decision,2021
NCT04489537,United Kingdom,TERMINATED,Sponsor/business decision,2021
NCT04489537,Russia,TERMINATED,Sponsor/business decision,2021
NCT04489537,Georgia,TERMINATED,Sponsor/business decision,2021
NCT04489537,Italy,TERMINATED,Sponsor/business decision,2021
NCT04489537,South Africa,TERMINATED,Sponsor/business decision,2021
NCT04489537,Taiwan,TERMINATED,Sponsor/business decision,2021
NCT04489537,Turkey (Türkiye),TERMINATED,Sponsor/business decision,2021
NCT04489537,Malaysia,TERMINATED,Sponsor/business decision,2021
NCT04489537,United States,TERMINATED,Sponsor/business decision,2021
NCT03882372,France,TERMINATED,Low enrollment/accrual,2019
NCT03628131,South Korea,UNKNOWN,No reason recorded,2018
NCT01828502,United States,WITHDRAWN,Low enrollment/accrual,2013
NCT05429502,Germany,TERMINATED,Safety concerns,2022
NCT05429502,United States,TERMINATED,Safety concerns,2022
NCT05429502,Italy,TERMINATED,Safety concerns,2022
NCT05429502,United Kingdom,TERMINATED,Safety concerns,2022
NCT00591539,United States,TERMINATED,Low enrollment/accrual,2007
NCT01285531,United States,UNKNOWN,No reason recorded,2011
NCT02577302,United States,UNKNOWN,No reason recorded,2018
NCT03599583,United States,UNKNOWN,No reason recorded,2018
NCT03478956,Poland,TERMINATED,Efficacy not met,2018
NCT03478956,Spain,TERMINATED,Efficacy not met,2018
NCT03478956,Belgium,TERMINATED,Efficacy not met,2018
NCT03478956,United Kingdom,TERMINATED,Efficacy not met,2018
NCT00934557,Italy,UNKNOWN,No reason recorded,2008
NCT05048771,France,UNKNOWN,No reason recorded,2021
NCT05589857,United States,WITHDRAWN,Low enrollment/accrual,2022
NCT03883607,United States,TERMINATED,Efficacy not met,2019
NCT02117063,United States,UNKNOWN,No reason recorded,2012
NCT03577600,Mexico,WITHDRAWN,Other,2018
NCT02655432,Haiti,WITHDRAWN,Regulatory,2016
NCT05793463,Italy,UNKNOWN,No reason recorded,2018
NCT00215085,United States,TERMINATED,Other,2005
NCT05818748,Turkey (Türkiye),UNKNOWN,No reason recorded,2023
NCT05519384,China,UNKNOWN,No reason recorded,2022
NCT00436748,Mexico,TERMINATED,Regulatory,2008
NCT00436748,Latvia,TERMINATED,Regulatory,2008
NCT00436748,Poland,TERMINATED,Regulatory,2008
NCT00436748,Belgium,TERMINATED,Regulatory,2008
NCT00436748,United Kingdom,TERMINATED,Regulatory,2008
NCT00436748,Slovakia,TERMINATED,Regulatory,2008
NCT00436748,Russia,TERMINATED,Regulatory,2008
NCT00436748,Puerto Rico,TERMINATED,Regulatory,2008
NCT00436748,Lithuania,TERMINATED,Regulatory,2008
NCT00436748,United States,TERMINATED,Regulatory,2008
NCT02242552,Canada,UNKNOWN,No reason recorded,2014
NCT00005084,United States,UNKNOWN,No reason recorded,1999
NCT01671852,Canada,WITHDRAWN,Funding,2012
NCT05241717,Canada,UNKNOWN,No reason recorded,2022
NCT01756599,France,UNKNOWN,No reason recorded,2012
NCT02827552,France,TERMINATED,Other,2017
NCT01491230,Israel,UNKNOWN,No reason recorded,2011
NCT00897858,United States,WITHDRAWN,Other,2006
NCT04055558,Israel,UNKNOWN,No reason recorded,2019
NCT04497701,China,UNKNOWN,No reason recorded,2020
NCT02388165,Germany,TERMINATED,Sponsor/business decision,2015
NCT02388165,Japan,TERMINATED,Sponsor/business decision,2015
NCT02388165,Austria,TERMINATED,Sponsor/business decision,2015
NCT02388165,Hungary,TERMINATED,Sponsor/business decision,2015
NCT02388165,Spain,TERMINATED,Sponsor/business decision,2015
NCT02388165,United Kingdom,TERMINATED,Sponsor/business decision,2015
NCT02388165,Bulgaria,TERMINATED,Sponsor/business decision,2015
NCT02388165,France,TERMINATED,Sponsor/business decision,2015
NCT02388165,Canada,TERMINATED,Sponsor/business decision,2015
NCT02388165,United States,TERMINATED,Sponsor/business decision,2015
NCT02388165,Sweden,TERMINATED,Sponsor/business decision,2015
NCT02386267,Russia,UNKNOWN,No reason recorded,2014
NCT02549300,Turkey (Türkiye),UNKNOWN,No reason recorded,2015
NCT03326765,Belgium,UNKNOWN,No reason recorded,2017
NCT00072488,Canada,UNKNOWN,No reason recorded,2004
NCT00072488,United States,UNKNOWN,No reason recorded,2004
NCT01164956,United States,TERMINATED,Funding,2011
NCT05481229,Czechia,UNKNOWN,No reason recorded,2018
NCT04670731,Italy,UNKNOWN,No reason recorded,2021
NCT03467386,United States,SUSPENDED,Low enrollment/accrual,2018
NCT02393131,Taiwan,UNKNOWN,No reason recorded,2015
NCT00983528,United States,TERMINATED,Low enrollment/accrual,2009
NCT03198234,United States,TERMINATED,Low enrollment/accrual,2017
NCT04804709,United States,TERMINATED,Sponsor/business decision,2021
NCT04773808,Argentina,UNKNOWN,No reason recorded,2021
NCT05313958,China,UNKNOWN,No reason recorded,2021
NCT00979550,United States,TERMINATED,Low enrollment/accrual,2008
NCT00436774,Ireland,UNKNOWN,No reason recorded,2006
NCT00436774,United Kingdom,UNKNOWN,No reason recorded,2006
NCT04265638,United States,UNKNOWN,No reason recorded,2019
NCT02618109,France,TERMINATED,Low enrollment/accrual,2016
NCT06023368,United States,WITHDRAWN,Other,2023
NCT03971318,China,UNKNOWN,No reason recorded,2017
NCT04155424,Germany,TERMINATED,Other,2020
NCT04155424,South Korea,TERMINATED,Other,2020
NCT04155424,Spain,TERMINATED,Other,2020
NCT04155424,Italy,TERMINATED,Other,2020
NCT04155424,Japan,TERMINATED,Other,2020
NCT04155424,Canada,TERMINATED,Other,2020
NCT04155424,United States,TERMINATED,Other,2020
NCT01764100,Italy,UNKNOWN,No reason recorded,2009
NCT04461561,Iraq,UNKNOWN,No reason recorded,2020
NCT02421562,Canada,UNKNOWN,No reason recorded,2015
NCT02453477,Italy,UNKNOWN,No reason recorded,2015
NCT02722512,United States,TERMINATED,Other,2016
NCT05449886,South Korea,UNKNOWN,No reason recorded,2022
NCT03467256,Russia,UNKNOWN,No reason recorded,2018
NCT00466375,United States,TERMINATED,No reason recorded,2007
NCT05937672,United States,TERMINATED,Other,2023
NCT00281879,United States,TERMINATED,No reason recorded,2006
NCT03609320,United States,UNKNOWN,No reason recorded,2022
NCT04831359,Egypt,UNKNOWN,No reason recorded,2021
NCT05308771,Belgium,UNKNOWN,No reason recorded,2022
NCT04873284,China,UNKNOWN,No reason recorded,2021
NCT05111730,Egypt,UNKNOWN,No reason recorded,2021
NCT03458728,United States,TERMINATED,Other,2018
NCT04775212,Egypt,UNKNOWN,No reason recorded,2021
NCT04852965,United Kingdom,UNKNOWN,No reason recorded,2021
NCT00074334,United States,TERMINATED,Sponsor/business decision,2004
NCT03495921,United States,TERMINATED,Low enrollment/accrual,2018
NCT02123992,United States,TERMINATED,Sponsor/business decision,2014
NCT05382234,Egypt,UNKNOWN,No reason recorded,2022
NCT02535806,United States,TERMINATED,Funding,2015
NCT01505608,United States,TERMINATED,Low enrollment/accrual,2011
NCT00391404,Hong Kong,UNKNOWN,No reason recorded,2006
NCT01295697,United States,TERMINATED,Other,2010
NCT00654797,United States,UNKNOWN,No reason recorded,2007
NCT03553238,China,UNKNOWN,No reason recorded,2016
NCT02057289,United States,TERMINATED,No reason recorded,2014
NCT05509335,Malaysia,UNKNOWN,No reason recorded,2022
NCT02354417,United States,TERMINATED,No reason recorded,2014
NCT00897286,United States,TERMINATED,Other,2004
NCT01747876,Germany,TERMINATED,Low enrollment/accrual,2013
NCT01747876,United Kingdom,TERMINATED,Low enrollment/accrual,2013
NCT01747876,Australia,TERMINATED,Low enrollment/accrual,2013
NCT01747876,France,TERMINATED,Low enrollment/accrual,2013
NCT01747876,United States,TERMINATED,Low enrollment/accrual,2013
NCT01483820,United States,TERMINATED,Low enrollment/accrual,2011
NCT03044691,United States,TERMINATED,Other,2017
NCT03330197,United States,TERMINATED,Low enrollment/accrual,2017
NCT05132673,United States,SUSPENDED,Low enrollment/accrual,2025
NCT05955261,United States,SUSPENDED,PI/Staff unavailable,2023
NCT01346150,Canada,UNKNOWN,No reason recorded,2011
NCT01346150,United States,UNKNOWN,No reason recorded,2011
NCT02484261,United States,TERMINATED,Low enrollment/accrual,2015
NCT01104324,Canada,UNKNOWN,No reason recorded,2009
NCT00392886,Switzerland,UNKNOWN,No reason recorded,2004
NCT00392886,Australia,UNKNOWN,No reason recorded,2004
NCT00392886,Canada,UNKNOWN,No reason recorded,2004
NCT00392886,United States,UNKNOWN,No reason recorded,2004
NCT00392886,New Zealand,UNKNOWN,No reason recorded,2004
NCT02458482,United States,WITHDRAWN,Low enrollment/accrual,2015
NCT01919866,Austria,UNKNOWN,No reason recorded,2004
NCT01919866,Germany,UNKNOWN,No reason recorded,2004
NCT02354547,United States,SUSPENDED,No reason recorded,2014
NCT05140070,Poland,UNKNOWN,No reason recorded,2021
NCT02624388,United States,TERMINATED,Low enrollment/accrual,2016
NCT05806983,Turkey (Türkiye),UNKNOWN,No reason recorded,2023
NCT04311866,Mexico,WITHDRAWN,Other,2020
NCT01700166,United States,WITHDRAWN,PI/Staff unavailable,2012
NCT00165373,United States,TERMINATED,Other,2003
NCT04462861,United States,UNKNOWN,No reason recorded,2020
NCT02505789,Canada,UNKNOWN,No reason recorded,2013
NCT03772717,United States,TERMINATED,Low enrollment/accrual,2022
NCT02070393,United States,TERMINATED,Other,2011
NCT03363763,China,TERMINATED,Low enrollment/accrual,2017
NCT03363763,United States,TERMINATED,Low enrollment/accrual,2017
NCT03705507,Netherlands,TERMINATED,Low enrollment/accrual,2018
NCT03705507,Denmark,TERMINATED,Low enrollment/accrual,2018
NCT03705507,United Kingdom,TERMINATED,Low enrollment/accrual,2018
NCT05076071,China,UNKNOWN,No reason recorded,2021
NCT03366402,Israel,UNKNOWN,No reason recorded,2017
NCT05740150,Netherlands,UNKNOWN,No reason recorded,2020
NCT04043117,Italy,TERMINATED,COVID-19,2017
NCT05025150,United States,UNKNOWN,No reason recorded,2019
NCT02992964,Australia,TERMINATED,Funding,2017
NCT02992964,France,TERMINATED,Funding,2017
NCT02992964,Canada,TERMINATED,Funding,2017
NCT02992964,United States,TERMINATED,Funding,2017
NCT02992964,Israel,TERMINATED,Funding,2017
NCT05689164,United States,TERMINATED,Safety concerns,2023
NCT04145700,Germany,TERMINATED,Efficacy not met,2020
NCT04145700,Japan,TERMINATED,Efficacy not met,2020
NCT04145700,Spain,TERMINATED,Efficacy not met,2020
NCT04145700,Belgium,TERMINATED,Efficacy not met,2020
NCT04145700,Australia,TERMINATED,Efficacy not met,2020
NCT04145700,United Kingdom,TERMINATED,Efficacy not met,2020
NCT04145700,Italy,TERMINATED,Efficacy not met,2020
NCT04145700,Netherlands,TERMINATED,Efficacy not met,2020
NCT04145700,France,TERMINATED,Efficacy not met,2020
NCT04145700,United States,TERMINATED,Efficacy not met,2020
NCT01902771,United States,TERMINATED,Low enrollment/accrual,2013
NCT06014398,Ireland,UNKNOWN,No reason recorded,2023
NCT00215033,United States,TERMINATED,Other,2005
NCT04400851,China,UNKNOWN,No reason recorded,2020
NCT01204450,United States,TERMINATED,Funding,2009
NCT02654340,Egypt,TERMINATED,Other,2018
NCT02654340,India,TERMINATED,Other,2018
NCT02654340,Romania,TERMINATED,Other,2018
NCT02654340,Sri Lanka,TERMINATED,Other,2018
NCT02654340,Georgia,TERMINATED,Other,2018
NCT02654340,Lithuania,TERMINATED,Other,2018
NCT02654340,Pakistan,TERMINATED,Other,2018
NCT02654340,Albania,TERMINATED,Other,2018
NCT02732678,France,UNKNOWN,No reason recorded,2016
NCT00585312,Ukraine,TERMINATED,Other,2006
NCT00585312,Hong Kong,TERMINATED,Other,2006
NCT00585312,Hungary,TERMINATED,Other,2006
NCT00585312,Spain,TERMINATED,Other,2006
NCT00585312,Belgium,TERMINATED,Other,2006
NCT00585312,United Kingdom,TERMINATED,Other,2006
NCT00585312,Slovakia,TERMINATED,Other,2006
NCT00585312,Puerto Rico,TERMINATED,Other,2006
NCT00585312,Czechia,TERMINATED,Other,2006
NCT00585312,Italy,TERMINATED,Other,2006
NCT00585312,South Africa,TERMINATED,Other,2006
NCT00585312,United States,TERMINATED,Other,2006
NCT00585312,Sweden,TERMINATED,Other,2006
NCT00585312,Israel,TERMINATED,Other,2006
NCT03640637,Denmark,UNKNOWN,No reason recorded,2018
NCT00263445,United States,TERMINATED,Low enrollment/accrual,2004
NCT05611086,Indonesia,TERMINATED,Other,2019
NCT04410042,United States,TERMINATED,Sponsor/business decision,2021
NCT01046227,Taiwan,UNKNOWN,No reason recorded,2009
NCT00887042,South Korea,UNKNOWN,No reason recorded,2006
NCT00992173,Canada,WITHDRAWN,No reason recorded,2010
NCT00992173,United States,WITHDRAWN,No reason recorded,2010
NCT04213794,United States,TERMINATED,Low enrollment/accrual,2019
NCT00961922,Netherlands,UNKNOWN,No reason recorded,2010
NCT00192673,Denmark,UNKNOWN,No reason recorded,2005
NCT03564470,China,UNKNOWN,No reason recorded,2016
NCT03913559,United States,TERMINATED,Low enrollment/accrual,2019
NCT06291662,Italy,UNKNOWN,No reason recorded,2021
NCT03806556,United States,TERMINATED,Low enrollment/accrual,2019
NCT05639673,Denmark,UNKNOWN,No reason recorded,2023
NCT05215405,United States,NO_LONGER_AVAILABLE,No reason recorded,Not listed
NCT05709522,Pakistan,UNKNOWN,No reason recorded,2020
NCT04400045,Russia,UNKNOWN,No reason recorded,2020
NCT03609372,United States,WITHDRAWN,COVID-19,2018
NCT03804541,China,UNKNOWN,No reason recorded,2018
NCT00886496,United States,WITHDRAWN,Low enrollment/accrual,2006
NCT00334854,Ireland,UNKNOWN,No reason recorded,2006
NCT00334854,Switzerland,UNKNOWN,No reason recorded,2006
NCT00334854,Austria,UNKNOWN,No reason recorded,2006
NCT00334854,Spain,UNKNOWN,No reason recorded,2006
NCT00334854,Belgium,UNKNOWN,No reason recorded,2006
NCT00334854,United Kingdom,UNKNOWN,No reason recorded,2006
NCT00334854,Denmark,UNKNOWN,No reason recorded,2006
NCT00334854,France,UNKNOWN,No reason recorded,2006
NCT00334854,Sweden,UNKNOWN,No reason recorded,2006
NCT05428111,Egypt,UNKNOWN,No reason recorded,2022
NCT04315883,United States,TERMINATED,PI/Staff unavailable,2021
NCT03674346,France,UNKNOWN,No reason recorded,2024
NCT04404569,United States,TERMINATED,Low enrollment/accrual,2020
